"ID","Description","GeneRatio","BgRatio","pvalue","p.adjust","qvalue","geneID","Count","Ontology"
"GO:0006631","fatty acid metabolic process","40/150","446/28814",6.29834353105512e-38,1.50971294439391e-34,1.17878471560168e-34,"Acsl1/Acot2/Acadvl/Acot1/Hadha/Fabp3/Scd4/Etfdh/Hadhb/Decr1/Cpt2/Ucp3/Crat/Plin5/Mlycd/Cpt1b/Dgat2/Eci2/Dbi/Acadl/Scd2/Acaa2/Ephx2/Cpt1a/Fasn/Pdk4/Eci1/Acacb/Hadh/Slc27a1/Acadm/Prkag2/Lipe/Etfb/Etfa/C3/Abcd3/Acot7/Insig1/Hsd17b4",40,"BP"
"GO:0009062","fatty acid catabolic process","25/150","101/28814",2.32582206899199e-35,2.7874977496869e-32,2.17647980982513e-32,"Acot2/Acadvl/Hadha/Etfdh/Hadhb/Decr1/Cpt2/Crat/Plin5/Mlycd/Eci2/Dbi/Acadl/Acaa2/Cpt1a/Eci1/Acacb/Hadh/Acadm/Lipe/Etfb/Etfa/Abcd3/Acot7/Hsd17b4",25,"BP"
"GO:0019395","fatty acid oxidation","25/150","113/28814",5.32180274618655e-34,4.25212039420305e-31,3.32005799393673e-31,"Acadvl/Hadha/Fabp3/Etfdh/Hadhb/Decr1/Cpt2/Crat/Plin5/Mlycd/Dgat2/Eci2/Dbi/Acadl/Acaa2/Cpt1a/Pdk4/Eci1/Acacb/Hadh/Acadm/Etfb/Etfa/Abcd3/Hsd17b4",25,"BP"
"GO:0034440","lipid oxidation","25/150","121/28814",3.49189912880592e-33,2.09252055293695e-30,1.63384122395182e-30,"Acadvl/Hadha/Fabp3/Etfdh/Hadhb/Decr1/Cpt2/Crat/Plin5/Mlycd/Dgat2/Eci2/Dbi/Acadl/Acaa2/Cpt1a/Pdk4/Eci1/Acacb/Hadh/Acadm/Etfb/Etfa/Abcd3/Hsd17b4",25,"BP"
"GO:0072329","monocarboxylic acid catabolic process","25/150","122/28814",4.37348945938535e-33,2.09665084682934e-30,1.63706615974467e-30,"Acot2/Acadvl/Hadha/Etfdh/Hadhb/Decr1/Cpt2/Crat/Plin5/Mlycd/Eci2/Dbi/Acadl/Acaa2/Cpt1a/Eci1/Acacb/Hadh/Acadm/Lipe/Etfb/Etfa/Abcd3/Acot7/Hsd17b4",25,"BP"
"GO:0006635","fatty acid beta-oxidation","22/150","76/28814",6.67225199089582e-33,2.66556467036288e-30,2.08127439294961e-30,"Acadvl/Hadha/Etfdh/Hadhb/Decr1/Cpt2/Crat/Plin5/Mlycd/Eci2/Dbi/Acadl/Acaa2/Cpt1a/Eci1/Acacb/Hadh/Acadm/Etfb/Etfa/Abcd3/Hsd17b4",22,"BP"
"GO:0030258","lipid modification","27/150","216/28814",1.53257948642929e-29,5.24799004138716e-27,4.09763357424253e-27,"Acadvl/Hadha/Fabp3/Etfdh/Hadhb/Decr1/Cpt2/Crat/Plin5/Mlycd/Dgat2/Eci2/Dbi/Acadl/Acaa2/Ephx2/Cpt1a/Pdk4/Eci1/Acacb/Hadh/Acadm/Lpcat3/Etfb/Etfa/Abcd3/Hsd17b4",27,"BP"
"GO:0044242","cellular lipid catabolic process","26/150","224/28814",1.32186083618507e-27,3.96062553041952e-25,3.0924586404435e-25,"Acot2/Acadvl/Hadha/Etfdh/Hadhb/Decr1/Cpt2/Crat/Plin5/Mlycd/Eci2/Dbi/Acadl/Acaa2/Cpt1a/Eci1/Acacb/Hadh/Acadm/Lipe/Etfb/Etfa/Abcd3/Ldlr/Acot7/Hsd17b4",26,"BP"
"GO:0046395","carboxylic acid catabolic process","25/150","219/28814",2.21388460302059e-26,5.89631265937817e-24,4.60384423879604e-24,"Acot2/Acadvl/Hadha/Etfdh/Hadhb/Decr1/Cpt2/Crat/Plin5/Mlycd/Eci2/Dbi/Acadl/Acaa2/Cpt1a/Eci1/Acacb/Hadh/Acadm/Lipe/Etfb/Etfa/Abcd3/Acot7/Hsd17b4",25,"BP"
"GO:0016054","organic acid catabolic process","25/150","221/28814",2.7927118247545e-26,6.69413024393653e-24,5.22678065727736e-24,"Acot2/Acadvl/Hadha/Etfdh/Hadhb/Decr1/Cpt2/Crat/Plin5/Mlycd/Eci2/Dbi/Acadl/Acaa2/Cpt1a/Eci1/Acacb/Hadh/Acadm/Lipe/Etfb/Etfa/Abcd3/Acot7/Hsd17b4",25,"BP"
"GO:0016042","lipid catabolic process","27/150","329/28814",1.49844376409863e-24,3.26524518413128e-22,2.54950527518408e-22,"Acot2/Acadvl/Hadha/Etfdh/Hadhb/Decr1/Cpt2/Crat/Plin5/Mlycd/Eci2/Dbi/Acadl/Acaa2/Cpt1a/Cidea/Eci1/Acacb/Hadh/Acadm/Lipe/Etfb/Etfa/Abcd3/Ldlr/Acot7/Hsd17b4",27,"BP"
"GO:0044282","small molecule catabolic process","26/150","334/28814",4.50712960173366e-23,9.002991379463e-21,7.02954072972145e-21,"Acot2/Acadvl/Hadha/Etfdh/Hadhb/Decr1/Cpt2/Crat/Plin5/Mlycd/Eci2/Dbi/Acadl/Impa2/Acaa2/Cpt1a/Eci1/Acacb/Hadh/Acadm/Lipe/Etfb/Etfa/Abcd3/Acot7/Hsd17b4",26,"BP"
"GO:0008203","cholesterol metabolic process","17/150","145/28814",1.98812542718065e-18,3.66579742227078e-16,2.86225668787627e-16,"Hmgcs2/Acadvl/Dgat2/Acadl/Cat/Ephx2/Cyp51/Lpcat3/Lipe/Hsd17b7/Fgf1/Ldlr/Hmgcs1/Insig1/Fdps/Npc1/Dhcr24",17,"BP"
"GO:0016125","sterol metabolic process","17/150","154/28814",5.64453961117717e-18,9.66425817713692e-16,7.54585821704738e-16,"Hmgcs2/Acadvl/Dgat2/Acadl/Cat/Ephx2/Cyp51/Lpcat3/Lipe/Hsd17b7/Fgf1/Ldlr/Hmgcs1/Insig1/Fdps/Npc1/Dhcr24",17,"BP"
"GO:1902652","secondary alcohol metabolic process","17/150","158/28814",8.78590583702876e-18,1.4039877527572e-15,1.09623442654296e-15,"Hmgcs2/Acadvl/Dgat2/Acadl/Cat/Ephx2/Cyp51/Lpcat3/Lipe/Hsd17b7/Fgf1/Ldlr/Hmgcs1/Insig1/Fdps/Npc1/Dhcr24",17,"BP"
"GO:0062012","regulation of small molecule metabolic process","22/150","371/28814",4.11049895536581e-17,6.15804124750741e-15,4.80820206752659e-15,"Acadvl/Fabp3/Plin5/Mlycd/Dgat2/Dbi/Acadl/Adra1b/Ephx2/Cpt1a/Pdk4/Acacb/Coq3/Acadm/Lpcat3/Entpd5/Prkag2/Fgf1/Ldlr/Insig1/Fdps/Prox1",22,"BP"
"GO:0019216","regulation of lipid metabolic process","22/150","382/28814",7.59664669096206e-17,1.07112718342565e-14,8.36336706905916e-15,"Acadvl/Fabp3/Plin5/Mlycd/Dgat2/Dbi/Acadl/Angptl4/Ephx2/Cpt1a/Cidea/Pdk4/Acacb/Slc27a1/Lpcat3/Prkag2/Fgf1/C3/Ldlr/Insig1/Fdps/Prox1",22,"BP"
"GO:0033865","nucleoside bisphosphate metabolic process","14/150","110/28814",6.92335711409241e-16,8.29764350123976e-14,6.47880470992438e-14,"Acsl1/Hmgcs2/Acot2/Acot1/Mlycd/Dgat2/Acaa2/Fasn/Pdk4/Acacb/Acot7/Dcakd/Hmgcs1/Hsd17b4",14,"BP"
"GO:0033875","ribonucleoside bisphosphate metabolic process","14/150","110/28814",6.92335711409241e-16,8.29764350123976e-14,6.47880470992438e-14,"Acsl1/Hmgcs2/Acot2/Acot1/Mlycd/Dgat2/Acaa2/Fasn/Pdk4/Acacb/Acot7/Dcakd/Hmgcs1/Hsd17b4",14,"BP"
"GO:0034032","purine nucleoside bisphosphate metabolic process","14/150","110/28814",6.92335711409241e-16,8.29764350123976e-14,6.47880470992438e-14,"Acsl1/Hmgcs2/Acot2/Acot1/Mlycd/Dgat2/Acaa2/Fasn/Pdk4/Acacb/Acot7/Dcakd/Hmgcs1/Hsd17b4",14,"BP"
"GO:0006637","acyl-CoA metabolic process","13/150","88/28814",1.04305346975383e-15,1.13645416681815e-13,8.87344052259476e-14,"Acsl1/Hmgcs2/Acot2/Acot1/Mlycd/Dgat2/Acaa2/Fasn/Pdk4/Acacb/Acot7/Hmgcs1/Hsd17b4",13,"BP"
"GO:0035383","thioester metabolic process","13/150","88/28814",1.04305346975383e-15,1.13645416681815e-13,8.87344052259476e-14,"Acsl1/Hmgcs2/Acot2/Acot1/Mlycd/Dgat2/Acaa2/Fasn/Pdk4/Acacb/Acot7/Hmgcs1/Hsd17b4",13,"BP"
"GO:0008202","steroid metabolic process","20/150","338/28814",1.26751898732824e-15,1.32097522288078e-13,1.0314181965536e-13,"Hmgcs2/Acadvl/Dgat2/Acadl/Cat/Ephx2/Cyp51/Lpcat3/Lipe/Hsd17b7/Fgf1/Abcd3/Ldlr/Hmgcs1/Insig1/Fdps/Prox1/Npc1/Dhcr24/Hsd17b4",20,"BP"
"GO:0006066","alcohol metabolic process","20/150","345/28814",1.87480833289481e-15,1.87246482247869e-13,1.46202158591534e-13,"Hmgcs2/Acadvl/Dgat2/Acadl/Cat/Impa2/Retsat/Ephx2/Coq3/Cyp51/Lpcat3/Lipe/Hsd17b7/Fgf1/Ldlr/Hmgcs1/Insig1/Fdps/Npc1/Dhcr24",20,"BP"
"GO:0046320","regulation of fatty acid oxidation","10/150","41/28814",1.05306584864958e-14,1.00967953568522e-12,7.88358349010089e-13,"Acadvl/Fabp3/Plin5/Mlycd/Dgat2/Dbi/Acadl/Cpt1a/Pdk4/Acacb",10,"BP"
"GO:0010565","regulation of cellular ketone metabolic process","14/150","153/28814",7.45739747273316e-14,6.87514682390053e-12,5.36811850466379e-12,"Acadvl/Fabp3/Plin5/Mlycd/Dgat2/Dbi/Acadl/Cpt1a/Pdk4/Acacb/Coq3/Prkag2/Insig1/Prox1",14,"BP"
"GO:0009437","carnitine metabolic process","7/150","13/28814",1.50385866333481e-13,1.33509230222723e-11,1.04244082004261e-11,"Cpt2/Crat/Cpt1b/Acadl/Cpt1a/Acadm/Aldh9a1",7,"BP"
"GO:0046890","regulation of lipid biosynthetic process","15/150","203/28814",2.18901772874695e-13,1.87395553421659e-11,1.46318553447822e-11,"Acadvl/Fabp3/Plin5/Dgat2/Dbi/Acadl/Pdk4/Slc27a1/Lpcat3/Fgf1/C3/Ldlr/Insig1/Fdps/Prox1",15,"BP"
"GO:0019217","regulation of fatty acid metabolic process","12/150","102/28814",2.29105862243178e-13,1.89367845447206e-11,1.47858520170007e-11,"Acadvl/Fabp3/Plin5/Mlycd/Dgat2/Dbi/Acadl/Cpt1a/Pdk4/Acacb/Prkag2/Insig1",12,"BP"
"GO:0006577","amino-acid betaine metabolic process","7/150","15/28814",5.59059783737579e-13,4.46688767206326e-11,3.48774840521198e-11,"Cpt2/Crat/Cpt1b/Acadl/Cpt1a/Acadm/Aldh9a1",7,"BP"
"GO:0009409","response to cold","9/150","48/28814",3.10793796173365e-12,2.40313783686308e-10,1.87637137384123e-10,"Acadvl/Ucp3/Ucp2/Acadl/Cidea/Slc27a1/Acadm/Lipe/Prkaca",9,"BP"
"GO:0009150","purine ribonucleotide metabolic process","17/150","345/28814",3.68586184306096e-12,2.76094088681785e-10,2.15574419636921e-10,"Acsl1/Hmgcs2/Acot2/Acot1/Mlycd/Dgat2/Acaa2/Fasn/Pdk4/Acacb/Entpd5/Prkag2/Ak1/Acot7/Dcakd/Hmgcs1/Hsd17b4",17,"BP"
"GO:0072330","monocarboxylic acid biosynthetic process","14/150","208/28814",5.08254491883452e-12,3.69177580922616e-10,2.88254062701364e-10,"Acadvl/Scd4/Mlycd/Acadl/Scd2/Fasn/Pdk4/Acacb/Prkag2/Aldh1a2/Abcd3/Acot7/Insig1/Prox1",14,"BP"
"GO:0033539","fatty acid beta-oxidation using acyl-CoA dehydrogenase","6/150","11/28814",8.13769849818965e-12,5.7370774412237e-10,4.47951329095393e-10,"Acadvl/Etfdh/Acadl/Acadm/Etfb/Etfa",6,"BP"
"GO:0009259","ribonucleotide metabolic process","17/150","364/28814",8.61525360400738e-12,5.9002179682302e-10,4.6068935061429e-10,"Acsl1/Hmgcs2/Acot2/Acot1/Mlycd/Dgat2/Acaa2/Fasn/Pdk4/Acacb/Entpd5/Prkag2/Ak1/Acot7/Dcakd/Hmgcs1/Hsd17b4",17,"BP"
"GO:0006163","purine nucleotide metabolic process","17/150","369/28814",1.06833352627589e-11,7.11332072912028e-10,5.55408482373839e-10,"Acsl1/Hmgcs2/Acot2/Acot1/Mlycd/Dgat2/Acaa2/Fasn/Pdk4/Acacb/Entpd5/Prkag2/Ak1/Acot7/Dcakd/Hmgcs1/Hsd17b4",17,"BP"
"GO:0019693","ribose phosphate metabolic process","17/150","376/28814",1.43597719562109e-11,9.30280361595611e-10,7.26363429250158e-10,"Acsl1/Hmgcs2/Acot2/Acot1/Mlycd/Dgat2/Acaa2/Fasn/Pdk4/Acacb/Entpd5/Prkag2/Ak1/Acot7/Dcakd/Hmgcs1/Hsd17b4",17,"BP"
"GO:0006695","cholesterol biosynthetic process","9/150","57/28814",1.6022719504099e-11,9.84780991059624e-10,7.68917551370797e-10,"Hmgcs2/Cyp51/Lpcat3/Hsd17b7/Fgf1/Hmgcs1/Insig1/Fdps/Dhcr24",9,"BP"
"GO:1902653","secondary alcohol biosynthetic process","9/150","57/28814",1.6022719504099e-11,9.84780991059624e-10,7.68917551370797e-10,"Hmgcs2/Cyp51/Lpcat3/Hsd17b7/Fgf1/Hmgcs1/Insig1/Fdps/Dhcr24",9,"BP"
"GO:0006641","triglyceride metabolic process","11/150","112/28814",1.75632647982862e-11,1.0524786430373e-09,8.21775916088233e-10,"Acsl1/Plin5/Dgat2/Dbi/Cat/Cpt1a/Slc27a1/Lipe/C3/Ldlr/Insig1",11,"BP"
"GO:0072521","purine-containing compound metabolic process","17/150","392/28814",2.75956456958434e-11,1.58505050145809e-09,1.2376083225051e-09,"Acsl1/Hmgcs2/Acot2/Acot1/Mlycd/Dgat2/Acaa2/Fasn/Pdk4/Acacb/Entpd5/Prkag2/Ak1/Acot7/Dcakd/Hmgcs1/Hsd17b4",17,"BP"
"GO:0042180","cellular ketone metabolic process","14/150","236/28814",2.7773100150705e-11,1.58505050145809e-09,1.2376083225051e-09,"Acadvl/Fabp3/Plin5/Mlycd/Dgat2/Dbi/Acadl/Cpt1a/Pdk4/Acacb/Coq3/Prkag2/Insig1/Prox1",14,"BP"
"GO:0006633","fatty acid biosynthetic process","12/150","153/28814",2.98463960320124e-11,1.66376305322637e-09,1.29906712717058e-09,"Acadvl/Scd4/Mlycd/Acadl/Scd2/Fasn/Pdk4/Acacb/Prkag2/Abcd3/Acot7/Insig1",12,"BP"
"GO:0090181","regulation of cholesterol metabolic process","8/150","41/28814",3.69130608379196e-11,2.01092288246575e-09,1.57012971698136e-09,"Acadvl/Dgat2/Acadl/Ephx2/Lpcat3/Fgf1/Ldlr/Fdps",8,"BP"
"GO:0016126","sterol biosynthetic process","9/150","63/28814",4.10509742551848e-11,2.18664856199284e-09,1.7073364263326e-09,"Hmgcs2/Cyp51/Lpcat3/Hsd17b7/Fgf1/Hmgcs1/Insig1/Fdps/Dhcr24",9,"BP"
"GO:0001676","long-chain fatty acid metabolic process","11/150","124/28814",5.36655189509768e-11,2.79644019403242e-09,2.18346207539672e-09,"Acsl1/Acot2/Acot1/Cpt2/Acadl/Ephx2/Cpt1a/Slc27a1/Lipe/Abcd3/Acot7",11,"BP"
"GO:0046322","negative regulation of fatty acid oxidation","6/150","15/28814",8.66577926924952e-11,4.41954742731726e-09,3.45078511550407e-09,"Acadvl/Plin5/Dgat2/Dbi/Acadl/Acacb",6,"BP"
"GO:0006790","sulfur compound metabolic process","15/150","328/28814",2.06552968759659e-10,1.02155950105391e-08,7.97634232647765e-09,"Acsl1/Hmgcs2/Acot2/Acot1/Mlycd/Dgat2/Acaa2/Fasn/Pdk4/Acacb/Iba57/Dnmt1/Acot7/Hmgcs1/Hsd17b4",15,"BP"
"GO:0009117","nucleotide metabolic process","17/150","447/28814",2.1089843111115e-10,1.02155950105391e-08,7.97634232647765e-09,"Acsl1/Hmgcs2/Acot2/Acot1/Mlycd/Dgat2/Acaa2/Fasn/Pdk4/Acacb/Entpd5/Prkag2/Ak1/Acot7/Dcakd/Hmgcs1/Hsd17b4",17,"BP"
"GO:0045922","negative regulation of fatty acid metabolic process","7/150","31/28814",2.13091260128059e-10,1.02155950105391e-08,7.97634232647765e-09,"Acadvl/Plin5/Dgat2/Dbi/Acadl/Acacb/Insig1",7,"BP"
"GO:0045833","negative regulation of lipid metabolic process","10/150","106/28814",2.2439225042982e-10,1.05464357702016e-08,8.23466297758969e-09,"Acadvl/Plin5/Dgat2/Dbi/Acadl/Cidea/Acacb/Slc27a1/Insig1/Prox1",10,"BP"
"GO:0006753","nucleoside phosphate metabolic process","17/150","455/28814",2.76767299571309e-10,1.27579080206236e-08,9.96138175380135e-09,"Acsl1/Hmgcs2/Acot2/Acot1/Mlycd/Dgat2/Acaa2/Fasn/Pdk4/Acacb/Entpd5/Prkag2/Ak1/Acot7/Dcakd/Hmgcs1/Hsd17b4",17,"BP"
"GO:0006639","acylglycerol metabolic process","11/150","147/28814",3.38898653225675e-10,1.5327171165697e-08,1.19674638616733e-08,"Acsl1/Plin5/Dgat2/Dbi/Cat/Cpt1a/Slc27a1/Lipe/C3/Ldlr/Insig1",11,"BP"
"GO:0006638","neutral lipid metabolic process","11/150","149/28814",3.91802800750389e-10,1.73916909888645e-08,1.35794421000817e-08,"Acsl1/Plin5/Dgat2/Dbi/Cat/Cpt1a/Slc27a1/Lipe/C3/Ldlr/Insig1",11,"BP"
"GO:0046394","carboxylic acid biosynthetic process","14/150","295/28814",5.26682936872032e-10,2.29227630740742e-08,1.78981062932631e-08,"Acadvl/Scd4/Mlycd/Acadl/Scd2/Fasn/Pdk4/Acacb/Prkag2/Aldh1a2/Abcd3/Acot7/Insig1/Prox1",14,"BP"
"GO:0006084","acetyl-CoA metabolic process","7/150","35/28814",5.35533889089761e-10,2.29227630740742e-08,1.78981062932631e-08,"Hmgcs2/Mlycd/Acaa2/Fasn/Pdk4/Acacb/Hmgcs1",7,"BP"
"GO:0016053","organic acid biosynthetic process","14/150","296/28814",5.50386171834021e-10,2.31451869102833e-08,1.80717749496009e-08,"Acadvl/Scd4/Mlycd/Acadl/Scd2/Fasn/Pdk4/Acacb/Prkag2/Aldh1a2/Abcd3/Acot7/Insig1/Prox1",14,"BP"
"GO:0019218","regulation of steroid metabolic process","10/150","117/28814",5.98487674163994e-10,2.47340509477775e-08,1.93123608831866e-08,"Acadvl/Dgat2/Acadl/Ephx2/Lpcat3/Fgf1/Ldlr/Insig1/Fdps/Prox1",10,"BP"
"GO:0006694","steroid biosynthetic process","11/150","169/28814",1.5001030206313e-09,6.09448633975125e-08,4.75857835982597e-08,"Hmgcs2/Cyp51/Lpcat3/Hsd17b7/Fgf1/Abcd3/Hmgcs1/Insig1/Fdps/Prox1/Dhcr24",11,"BP"
"GO:0046486","glycerolipid metabolic process","15/150","381/28814",1.61747028141992e-09,6.46179377427258e-08,5.045372211166e-08,"Acsl1/Hadha/Fabp3/Plin5/Dgat2/Dbi/Cat/Impa2/Cpt1a/Slc27a1/Lpcat3/Lipe/C3/Ldlr/Insig1",15,"BP"
"GO:0000727","double-strand break repair via break-induced replication","5/150","12/28814",2.74975092917321e-09,1.08051688151282e-07,8.43668188450384e-08,"Mcm2/Mcm3/Mcm4/Mcm6/Mcm5",5,"BP"
"GO:0045834","positive regulation of lipid metabolic process","11/150","185/28814",3.89210378827501e-09,1.50473754524116e-07,1.17489992114651e-07,"Fabp3/Plin5/Mlycd/Dgat2/Dbi/Angptl4/Cpt1a/Slc27a1/Fgf1/Ldlr/Fdps",11,"BP"
"GO:1901617","organic hydroxy compound biosynthetic process","12/150","234/28814",3.98850027636268e-09,1.51752939086371e-07,1.18488780139897e-07,"Hmgcs2/Cyp51/Lpcat3/Ddc/Hsd17b7/Fgf1/Abcd3/Hmgcs1/Insig1/Fdps/Prox1/Dhcr24",12,"BP"
"GO:0090407","organophosphate biosynthetic process","16/150","482/28814",5.16137597872809e-09,1.933096597033e-07,1.50936290956884e-07,"Acsl1/Hmgcs2/Fabp3/Mlycd/Impa2/Pdk4/Agpat3/Acacb/Slc27a1/Lpcat3/Idi1/Ak1/Acot7/Dcakd/Hmgcs1/Fdps",16,"BP"
"GO:0010876","lipid localization","15/150","449/28814",1.4670851205042e-08,5.41015851361317e-07,4.22425480851249e-07,"Acsl1/Fabp3/Slc25a20/Plin5/Cpt1b/Dgat2/Dbi/Cidea/Acacb/Slc27a1/Lpcat3/C3/Abcd3/Ldlr/Npc1",15,"BP"
"GO:0009266","response to temperature stimulus","10/150","170/28814",2.25132222767795e-08,8.17639299961219e-07,6.38413225009792e-07,"Acadvl/Ucp3/Ucp2/Acadl/Cidea/Slc27a1/Acadm/Lipe/Fgf1/Prkaca",10,"BP"
"GO:0033866","nucleoside bisphosphate biosynthetic process","6/150","36/28814",3.08199094238607e-08,1.07065685346368e-06,8.35969473007236e-07,"Acsl1/Mlycd/Pdk4/Acacb/Acot7/Dcakd",6,"BP"
"GO:0034030","ribonucleoside bisphosphate biosynthetic process","6/150","36/28814",3.08199094238607e-08,1.07065685346368e-06,8.35969473007236e-07,"Acsl1/Mlycd/Pdk4/Acacb/Acot7/Dcakd",6,"BP"
"GO:0034033","purine nucleoside bisphosphate biosynthetic process","6/150","36/28814",3.08199094238607e-08,1.07065685346368e-06,8.35969473007236e-07,"Acsl1/Mlycd/Pdk4/Acacb/Acot7/Dcakd",6,"BP"
"GO:0062014","negative regulation of small molecule metabolic process","8/150","98/28814",4.73509473919114e-08,1.62143172712017e-06,1.26601480395216e-06,"Acadvl/Plin5/Dgat2/Dbi/Acadl/Acacb/Insig1/Prox1",8,"BP"
"GO:0019432","triglyceride biosynthetic process","6/150","39/28814",5.0964993260077e-08,1.70747868705287e-06,1.33320031863513e-06,"Acsl1/Plin5/Dgat2/Slc27a1/C3/Ldlr",6,"BP"
"GO:1905954","positive regulation of lipid localization","8/150","99/28814",5.12884712005867e-08,1.70747868705287e-06,1.33320031863513e-06,"Acsl1/Fabp3/Plin5/Dbi/Cidea/Acacb/Lpcat3/C3",8,"BP"
"GO:0046165","alcohol biosynthetic process","9/150","141/28814",5.75223457587885e-08,1.88878168197008e-06,1.47476179897803e-06,"Hmgcs2/Cyp51/Lpcat3/Hsd17b7/Fgf1/Hmgcs1/Insig1/Fdps/Dhcr24",9,"BP"
"GO:0001659","temperature homeostasis","10/150","188/28814",5.83938147880482e-08,1.89148613576962e-06,1.47687343802489e-06,"Acsl1/Acadvl/Decr1/Cpt2/Ucp2/Acadl/Cidea/Hadh/Slc27a1/Apln",10,"BP"
"GO:0050994","regulation of lipid catabolic process","7/150","68/28814",6.68915985400247e-08,2.13785548933919e-06,1.66923876777774e-06,"Plin5/Mlycd/Dbi/Cpt1a/Cidea/Acacb/Ldlr",7,"BP"
"GO:0006268","DNA unwinding involved in DNA replication","5/150","21/28814",6.80298128918744e-08,2.14562449344504e-06,1.67530481055059e-06,"Mcm2/Mcm3/Mcm4/Mcm6/Mcm5",5,"BP"
"GO:0046889","positive regulation of lipid biosynthetic process","8/150","107/28814",9.42854124818065e-08,2.93509264569987e-06,2.29172198759606e-06,"Fabp3/Plin5/Dgat2/Dbi/Slc27a1/Fgf1/Ldlr/Fdps",8,"BP"
"GO:0031998","regulation of fatty acid beta-oxidation","5/150","23/28814",1.11553478128454e-07,3.4281241932552e-06,2.67668129706332e-06,"Plin5/Mlycd/Dbi/Cpt1a/Acacb",5,"BP"
"GO:0010866","regulation of triglyceride biosynthetic process","5/150","24/28814",1.40319615174015e-07,4.25754579205209e-06,3.32429414762691e-06,"Plin5/Dgat2/Slc27a1/C3/Ldlr",5,"BP"
"GO:0046460","neutral lipid biosynthetic process","6/150","52/28814",3.00792737313993e-07,8.90123693014371e-06,6.95009079849616e-06,"Acsl1/Plin5/Dgat2/Slc27a1/C3/Ldlr",6,"BP"
"GO:0046463","acylglycerol biosynthetic process","6/150","52/28814",3.00792737313993e-07,8.90123693014371e-06,6.95009079849616e-06,"Acsl1/Plin5/Dgat2/Slc27a1/C3/Ldlr",6,"BP"
"GO:0006720","isoprenoid metabolic process","7/150","87/28814",3.712736426697e-07,1.08529624570643e-05,8.47399918699264e-06,"Hmgcs2/Retsat/Idi1/Aldh1a2/Dhrs4/Hmgcs1/Fdps",7,"BP"
"GO:0006644","phospholipid metabolic process","12/150","367/28814",5.43970004273934e-07,1.57095915692123e-05,1.22660579276989e-05,"Hmgcs2/Hadha/Fabp3/Dbi/Impa2/Agpat3/Slc27a1/Lpcat3/Idi1/Ldlr/Hmgcs1/Fdps",12,"BP"
"GO:1902969","mitotic DNA replication","4/150","14/28814",6.78165025285666e-07,1.9351923400116e-05,1.51099926686455e-05,"Mcm2/Mcm3/Mcm4/Mcm6",4,"BP"
"GO:0006270","DNA replication initiation","5/150","33/28814",7.54498740233085e-07,2.10294590737059e-05,1.64198134655376e-05,"Mcm2/Mcm3/Mcm4/Mcm6/Mcm5",5,"BP"
"GO:0033260","nuclear DNA replication","5/150","33/28814",7.54498740233085e-07,2.10294590737059e-05,1.64198134655376e-05,"Mcm2/Mcm3/Mcm4/Mcm6/Pcna",5,"BP"
"GO:0000038","very long-chain fatty acid metabolic process","5/150","35/28814",1.02339919248741e-06,2.78759984590036e-05,2.176559526606e-05,"Acsl1/Acot2/Acot1/Abcd3/Hsd17b4",5,"BP"
"GO:0008299","isoprenoid biosynthetic process","5/150","35/28814",1.02339919248741e-06,2.78759984590036e-05,2.176559526606e-05,"Hmgcs2/Idi1/Aldh1a2/Hmgcs1/Fdps",5,"BP"
"GO:0070542","response to fatty acid","5/150","36/28814",1.1834926252396e-06,3.187451486179e-05,2.48876391209462e-05,"Scd4/Dgat2/Scd2/Pdk4/Ldlr",5,"BP"
"GO:0006575","cellular modified amino acid metabolic process","9/150","203/28814",1.26131125868834e-06,3.35929231897327e-05,2.62293733093317e-05,"Cpt2/Crat/Cpt1b/Acadl/Cpt1a/Slc27a1/Acadm/Lpcat3/Aldh9a1",9,"BP"
"GO:0006721","terpenoid metabolic process","6/150","67/28814",1.38278041873355e-06,3.64233479527948e-05,2.84393705553298e-05,"Hmgcs2/Retsat/Aldh1a2/Dhrs4/Hmgcs1/Fdps",6,"BP"
"GO:0044786","cell cycle DNA replication","5/150","38/28814",1.56259645242711e-06,4.07124314833455e-05,3.17882893869039e-05,"Mcm2/Mcm3/Mcm4/Mcm6/Pcna",5,"BP"
"GO:0035337","fatty-acyl-CoA metabolic process","4/150","17/28814",1.59291906092625e-06,4.10562041832281e-05,3.20567073042091e-05,"Acsl1/Dgat2/Acot7/Hsd17b4",4,"BP"
"GO:0045017","glycerolipid biosynthetic process","9/150","213/28814",1.87664045544994e-06,4.78543316139734e-05,3.73646890234041e-05,"Acsl1/Fabp3/Plin5/Dgat2/Impa2/Slc27a1/Lpcat3/C3/Ldlr",9,"BP"
"GO:0010867","positive regulation of triglyceride biosynthetic process","4/150","18/28814",2.03975104033233e-06,5.14661394071221e-05,4.0184790578514e-05,"Plin5/Dgat2/Slc27a1/Ldlr",4,"BP"
"GO:1901568","fatty acid derivative metabolic process","5/150","41/28814",2.30381147139232e-06,5.75232926763269e-05,4.49142192558722e-05,"Acsl1/Hmgcs2/Dgat2/Acot7/Hsd17b4",5,"BP"
"GO:1990845","adaptive thermogenesis","8/150","164/28814",2.45970052374354e-06,6.07824964475593e-05,4.74590073924689e-05,"Acsl1/Decr1/Cpt2/Ucp3/Ucp2/Acadl/Cidea/Hadh",8,"BP"
"GO:0016114","terpenoid biosynthetic process","4/150","19/28814",2.57323081016082e-06,6.29391250199538e-05,4.91429041940487e-05,"Hmgcs2/Aldh1a2/Hmgcs1/Fdps",4,"BP"
"GO:0008654","phospholipid biosynthetic process","9/150","223/28814",2.73515136463127e-06,6.62238163739511e-05,5.17075930495949e-05,"Hmgcs2/Fabp3/Impa2/Agpat3/Slc27a1/Lpcat3/Idi1/Hmgcs1/Fdps",9,"BP"
"GO:1905952","regulation of lipid localization","8/150","167/28814",2.81540029469713e-06,6.74851450638901e-05,5.26924391996999e-05,"Acsl1/Fabp3/Plin5/Dbi/Cidea/Acacb/Lpcat3/C3",8,"BP"
"GO:0062013","positive regulation of small molecule metabolic process","8/150","168/28814",2.94327379852532e-06,6.98517553966851e-05,5.45402898778324e-05,"Plin5/Mlycd/Dgat2/Adra1b/Cpt1a/Entpd5/Fgf1/Fdps",8,"BP"
"GO:0032508","DNA duplex unwinding","5/150","44/28814",3.29693284887497e-06,7.74779219485619e-05,6.04948050082529e-05,"Mcm2/Mcm3/Mcm4/Mcm6/Mcm5",5,"BP"
"GO:0060419","heart growth","7/150","122/28814",3.65679005284476e-06,8.51002500647466e-05,6.64463230859274e-05,"Adra1b/Acacb/Nkx2-5/Fgf1/Bmpr1a/Fdps/Prox1",7,"BP"
"GO:0032392","DNA geometric change","5/150","51/28814",6.92537862241094e-06,0.00015809650055161,0.000123441836497711,"Mcm2/Mcm3/Mcm4/Mcm6/Mcm5",5,"BP"
"GO:0090207","regulation of triglyceride metabolic process","5/150","51/28814",6.92537862241094e-06,0.00015809650055161,0.000123441836497711,"Plin5/Dgat2/Slc27a1/C3/Ldlr",5,"BP"
"GO:0010884","positive regulation of lipid storage","4/150","25/28814",8.19645858876682e-06,0.000185348219219567,0.00014471999375201,"Plin5/Cidea/Acacb/C3",4,"BP"
"GO:0035384","thioester biosynthetic process","4/150","26/28814",9.64756984158488e-06,0.000214122452872953,0.000167186931562748,"Acsl1/Mlycd/Pdk4/Acacb",4,"BP"
"GO:0071616","acyl-CoA biosynthetic process","4/150","26/28814",9.64756984158488e-06,0.000214122452872953,0.000167186931562748,"Acsl1/Mlycd/Pdk4/Acacb",4,"BP"
"GO:0006109","regulation of carbohydrate metabolic process","8/150","198/28814",9.86327800620543e-06,0.000216901627347472,0.000169356912554643,"Mlycd/Dgat2/Adra1b/Pdk4/Acacb/Acadm/Entpd5/Prkag2",8,"BP"
"GO:0120161","regulation of cold-induced thermogenesis","7/150","146/28814",1.19296536503013e-05,0.000259957998179747,0.000202975351102734,"Acsl1/Decr1/Cpt2/Ucp2/Acadl/Cidea/Hadh",7,"BP"
"GO:0042632","cholesterol homeostasis","6/150","98/28814",1.27755848904914e-05,0.000271085619434216,0.000211663804033128,"Fabp3/Dgat2/Ephx2/Ldlr/Insig1/Npc1",6,"BP"
"GO:0120162","positive regulation of cold-induced thermogenesis","6/150","98/28814",1.27755848904914e-05,0.000271085619434216,0.000211663804033128,"Acsl1/Decr1/Cpt2/Ucp2/Acadl/Hadh",6,"BP"
"GO:0106106","cold-induced thermogenesis","7/150","148/28814",1.3034710762364e-05,0.000271085619434216,0.000211663804033128,"Acsl1/Decr1/Cpt2/Ucp2/Acadl/Cidea/Hadh",7,"BP"
"GO:0050995","negative regulation of lipid catabolic process","4/150","28/28814",1.31064008057439e-05,0.000271085619434216,0.000211663804033128,"Plin5/Dbi/Cidea/Acacb",4,"BP"
"GO:0051055","negative regulation of lipid biosynthetic process","5/150","58/28814",1.31188701937293e-05,0.000271085619434216,0.000211663804033128,"Acadvl/Acadl/Slc27a1/Insig1/Prox1",5,"BP"
"GO:0071103","DNA conformation change","5/150","58/28814",1.31188701937293e-05,0.000271085619434216,0.000211663804033128,"Mcm2/Mcm3/Mcm4/Mcm6/Mcm5",5,"BP"
"GO:0055092","sterol homeostasis","6/150","99/28814",1.35418863635415e-05,0.000277435056524864,0.000216621448082563,"Fabp3/Dgat2/Ephx2/Ldlr/Insig1/Npc1",6,"BP"
"GO:0009152","purine ribonucleotide biosynthetic process","7/150","151/28814",1.48501954184091e-05,0.000301660325575649,0.000235536551774588,"Acsl1/Mlycd/Pdk4/Acacb/Ak1/Acot7/Dcakd",7,"BP"
"GO:0046470","phosphatidylcholine metabolic process","5/150","61/28814",1.68204141784483e-05,0.000338811199880173,0.000264543975314296,"Fabp3/Dbi/Slc27a1/Lpcat3/Ldlr",5,"BP"
"GO:0090208","positive regulation of triglyceride metabolic process","4/150","30/28814",1.74009580474533e-05,0.000347584136997881,0.000271393889547123,"Plin5/Dgat2/Slc27a1/Ldlr",4,"BP"
"GO:0042692","muscle cell differentiation","11/150","438/28814",1.98349656789435e-05,0.000392929030846508,0.000306799208152775,"Adra1b/Ptgfrn/Nkx2-5/Acadm/Acta1/Dnmt1/C3/Igfbp5/Bmpr1a/Fdps/Prox1",11,"BP"
"GO:0035336","long-chain fatty-acyl-CoA metabolic process","3/150","11/28814",2.21282845184172e-05,0.000434766376972508,0.000339465831524985,"Acsl1/Dgat2/Acot7",3,"BP"
"GO:0009260","ribonucleotide biosynthetic process","7/150","163/28814",2.43355401401009e-05,0.000471844906148305,0.000368416767947516,"Acsl1/Mlycd/Pdk4/Acacb/Ak1/Acot7/Dcakd",7,"BP"
"GO:0044262","cellular carbohydrate metabolic process","9/150","293/28814",2.44091649405047e-05,0.000471844906148305,0.000368416767947516,"Mlycd/Dgat2/Impa2/Adra1b/Pdk4/Acacb/Coq3/Acadm/Prkag2",9,"BP"
"GO:0015909","long-chain fatty acid transport","5/150","66/28814",2.47453265314068e-05,0.000474516381566257,0.000370502657455506,"Acsl1/Fabp3/Cpt1b/Slc27a1/Abcd3",5,"BP"
"GO:0006164","purine nucleotide biosynthetic process","7/150","168/28814",2.95403405284878e-05,0.000561969811482424,0.000438786344692159,"Acsl1/Mlycd/Pdk4/Acacb/Ak1/Acot7/Dcakd",7,"BP"
"GO:0046390","ribose phosphate biosynthetic process","7/150","172/28814",3.43349972419238e-05,0.000648039278652688,0.000505989433038877,"Acsl1/Mlycd/Pdk4/Acacb/Ak1/Acot7/Dcakd",7,"BP"
"GO:0097242","amyloid-beta clearance","4/150","36/28814",3.65050656902567e-05,0.000683614394215199,0.000533766503267077,"Rab11b/Cyp51/C3/Ldlr",4,"BP"
"GO:0006271","DNA strand elongation involved in DNA replication","3/150","13/28814",3.80632761384726e-05,0.000706856161934043,0.00055191368856629,"Mcm3/Mcm4/Pcna",3,"BP"
"GO:0072522","purine-containing compound biosynthetic process","7/150","175/28814",3.83359620573323e-05,0.000706856161934043,0.00055191368856629,"Acsl1/Mlycd/Pdk4/Acacb/Ak1/Acot7/Dcakd",7,"BP"
"GO:0055088","lipid homeostasis","7/150","176/28814",3.97517068120569e-05,0.00072736520021756,0.000567927157186317,"Fabp3/Dgat2/Angptl4/Ephx2/Ldlr/Insig1/Npc1",7,"BP"
"GO:0006869","lipid transport","10/150","390/28814",4.01053882052277e-05,0.000728277390363112,0.000568639395764712,"Acsl1/Fabp3/Slc25a20/Cpt1b/Dbi/Slc27a1/Lpcat3/Abcd3/Ldlr/Npc1",10,"BP"
"GO:0051146","striated muscle cell differentiation","9/150","328/28814",5.85706635602949e-05,0.00105559308687238,0.000824207675585314,"Adra1b/Ptgfrn/Nkx2-5/Acadm/Acta1/Igfbp5/Bmpr1a/Fdps/Prox1",9,"BP"
"GO:0032365","intracellular lipid transport","4/150","41/28814",6.15040290043555e-05,0.00110018774271224,0.000859027207932004,"Fabp3/Abcd3/Ldlr/Npc1",4,"BP"
"GO:0010906","regulation of glucose metabolic process","6/150","132/28814",6.87399610954507e-05,0.001220516198117,0.000952979733549407,"Mlycd/Dgat2/Adra1b/Pdk4/Acacb/Acadm",6,"BP"
"GO:0045717","negative regulation of fatty acid biosynthetic process","3/150","16/28814",7.36793084780521e-05,0.00128911899578023,0.0010065448365269,"Acadvl/Acadl/Insig1",3,"BP"
"GO:1902001","fatty acid transmembrane transport","3/150","16/28814",7.36793084780521e-05,0.00128911899578023,0.0010065448365269,"Acsl1/Slc27a1/Abcd3",3,"BP"
"GO:0045823","positive regulation of heart contraction","4/150","43/28814",7.43470324086586e-05,0.0012913460164842,0.00100828369554439,"Adra1b/Nkx2-5/Hrc/Apln",4,"BP"
"GO:0050810","regulation of steroid biosynthetic process","5/150","83/28814",7.48840618653751e-05,0.0012913460164842,0.00100828369554439,"Lpcat3/Fgf1/Insig1/Fdps/Prox1",5,"BP"
"GO:0051235","maintenance of location","9/150","342/28814",8.06047722368602e-05,0.00138006885036967,0.00107755853411382,"Plin5/Dgat2/Dbi/Cidea/Acacb/Hrc/Tmsb10/C3/Insig1",9,"BP"
"GO:0048738","cardiac muscle tissue development","8/150","270/28814",8.95261509877486e-05,0.00152194456679173,0.00118833517324537,"Adra1b/Nkx2-5/Acadm/Fgf1/Aldh1a2/Bmpr1a/Fdps/Prox1",8,"BP"
"GO:0071900","regulation of protein serine/threonine kinase activity","9/150","352/28814",0.00010029584323123,0.00169302208609337,0.00132191259647982,"Acsl1/Slc27a1/Synpo2/Ccng1/Prkag2/Fgf1/Maged1/Prox1/Ccnd2",9,"BP"
"GO:0006091","generation of precursor metabolites and energy","10/150","436/28814",0.000101094962973142,0.00169457780592042,0.00132312730339526,"Hmgcs2/Etfdh/Cat/Adra1b/Acadm/Entpd5/Prkag2/Etfb/Prkaca/Etfa",10,"BP"
"GO:1903524","positive regulation of blood circulation","4/150","47/28814",0.000105732161386699,0.00175999993641609,0.00137420893966046,"Adra1b/Nkx2-5/Hrc/Apln",4,"BP"
"GO:0070417","cellular response to cold","3/150","18/28814",0.000106543720101428,0.0017612779109181,0.00137520678286998,"Cidea/Lipe/Prkaca",3,"BP"
"GO:0019915","lipid storage","5/150","90/28814",0.000110090419976542,0.00180744340194364,0.00141125282421263,"Plin5/Dgat2/Cidea/Acacb/C3",5,"BP"
"GO:0042304","regulation of fatty acid biosynthetic process","4/150","48/28814",0.000114879456166464,0.00187323847912255,0.00146262565745774,"Acadvl/Acadl/Pdk4/Insig1",4,"BP"
"GO:0060420","regulation of heart growth","5/150","91/28814",0.000116006403036056,0.00187883343295558,0.00146699420055553,"Acacb/Nkx2-5/Bmpr1a/Fdps/Prox1",5,"BP"
"GO:0060421","positive regulation of heart growth","4/150","49/28814",0.000124587048985649,0.00200426279475571,0.00156492951675369,"Acacb/Bmpr1a/Fdps/Prox1",4,"BP"
"GO:0044539","long-chain fatty acid import into cell","3/150","19/28814",0.000126038186843541,0.00201409022575979,0.00157260278040573,"Acsl1/Fabp3/Slc27a1",3,"BP"
"GO:0006261","DNA-templated DNA replication","6/150","148/28814",0.000129193214342257,0.00205083532965821,0.00160129337818426,"Mcm2/Mcm3/Mcm4/Mcm6/Pcna/Mcm5",6,"BP"
"GO:0055007","cardiac muscle cell differentiation","6/150","149/28814",0.000134042514879243,0.00211381518529964,0.00165046808487046,"Adra1b/Nkx2-5/Acadm/Bmpr1a/Fdps/Prox1",6,"BP"
"GO:0009165","nucleotide biosynthetic process","7/150","215/28814",0.000139425163354366,0.00218432755921839,0.00170552418606166,"Acsl1/Mlycd/Pdk4/Acacb/Ak1/Acot7/Dcakd",7,"BP"
"GO:0014706","striated muscle tissue development","8/150","290/28814",0.000146406448970811,0.00224096579381109,0.00174974735146834,"Adra1b/Nkx2-5/Acadm/Fgf1/Aldh1a2/Bmpr1a/Fdps/Prox1",8,"BP"
"GO:0035265","organ growth","7/150","217/28814",0.000147619522176406,0.00224096579381109,0.00174974735146834,"Adra1b/Acacb/Nkx2-5/Fgf1/Bmpr1a/Fdps/Prox1",7,"BP"
"GO:0045540","regulation of cholesterol biosynthetic process","3/150","20/28814",0.000147714891707198,0.00224096579381109,0.00174974735146834,"Lpcat3/Fgf1/Fdps",3,"BP"
"GO:0106118","regulation of sterol biosynthetic process","3/150","20/28814",0.000147714891707198,0.00224096579381109,0.00174974735146834,"Lpcat3/Fgf1/Fdps",3,"BP"
"GO:0140354","lipid import into cell","3/150","20/28814",0.000147714891707198,0.00224096579381109,0.00174974735146834,"Acsl1/Fabp3/Slc27a1",3,"BP"
"GO:1901293","nucleoside phosphate biosynthetic process","7/150","220/28814",0.000160639375007705,0.00242171435153125,0.00189087592693611,"Acsl1/Mlycd/Pdk4/Acacb/Ak1/Acot7/Dcakd",7,"BP"
"GO:0015908","fatty acid transport","5/150","98/28814",0.000164534985580898,0.00246493975273382,0.00192462634449234,"Acsl1/Fabp3/Cpt1b/Slc27a1/Abcd3",5,"BP"
"GO:1903828","negative regulation of protein localization","7/150","222/28814",0.000169824657654703,0.00252838325713244,0.00197416306838877,"Ucp2/Kcne1/Hadh/Cyp51/Trp53inp2/Maged1/Insig1",7,"BP"
"GO:0046321","positive regulation of fatty acid oxidation","3/150","21/28814",0.000171677158700675,0.00254018610744147,0.00198337874054451,"Plin5/Mlycd/Cpt1a",3,"BP"
"GO:0010883","regulation of lipid storage","4/150","54/28814",0.000182247588714669,0.00268004582913535,0.0020925812898591,"Plin5/Cidea/Acacb/C3",4,"BP"
"GO:0006006","glucose metabolic process","7/150","226/28814",0.000189471176554307,0.0027692829890285,0.00216225771446443,"Mlycd/Dgat2/Adra1b/Cpt1a/Pdk4/Acacb/Acadm",7,"BP"
"GO:0006656","phosphatidylcholine biosynthetic process","3/150","22/28814",0.000198026554855439,0.00284233324544004,0.00221929539573256,"Fabp3/Slc27a1/Lpcat3",3,"BP"
"GO:0071398","cellular response to fatty acid","3/150","22/28814",0.000198026554855439,0.00284233324544004,0.00221929539573256,"Dgat2/Pdk4/Ldlr",3,"BP"
"GO:0071404","cellular response to low-density lipoprotein particle stimulus","3/150","22/28814",0.000198026554855439,0.00284233324544004,0.00221929539573256,"Ldlr/Hmgcs1/Npc1",3,"BP"
"GO:0050673","epithelial cell proliferation","10/150","476/28814",0.000205703879483969,0.00293495356620877,0.00229161339425123,"Vash2/Fgf1/Uhrf1/Aldh1a2/Apln/Igfbp5/Maged1/Bmpr1a/Prox1/Ccnd2",10,"BP"
"GO:0055013","cardiac muscle cell development","5/150","104/28814",0.000217309407880873,0.00308219319935179,0.00240657818257361,"Adra1b/Nkx2-5/Bmpr1a/Fdps/Prox1",5,"BP"
"GO:0010675","regulation of cellular carbohydrate metabolic process","6/150","165/28814",0.000233254870098153,0.00328889366838396,0.00256797002498153,"Mlycd/Dgat2/Adra1b/Pdk4/Acacb/Acadm",6,"BP"
"GO:0006457","protein folding","6/150","167/28814",0.000248896877856069,0.00348892290187717,0.00272415296293069,"Hspb6/Entpd5/Calr/Hspd1/Fkbp4/Ppil1",6,"BP"
"GO:0060537","muscle tissue development","10/150","493/28814",0.000272006021782309,0.00379068857100113,0.002959771767007,"Adra1b/Nkx2-5/Acadm/Acta1/Fgf1/Aldh1a2/Igfbp5/Bmpr1a/Fdps/Prox1",10,"BP"
"GO:0055006","cardiac cell development","5/150","110/28814",0.000282081384200319,0.00390837617299517,0.00305166231279688,"Adra1b/Nkx2-5/Bmpr1a/Fdps/Prox1",5,"BP"
"GO:0050678","regulation of epithelial cell proliferation","9/150","405/28814",0.000284796931304309,0.00392332324331281,0.00306333299370273,"Vash2/Fgf1/Uhrf1/Aldh1a2/Apln/Maged1/Bmpr1a/Prox1/Ccnd2",9,"BP"
"GO:0010656","negative regulation of muscle cell apoptotic process","4/150","61/28814",0.000292364792293631,0.00395961675252773,0.00309167098609855,"Acot1/Hspb6/Nkx2-5/Dnmt1",4,"BP"
"GO:0018904","ether metabolic process","3/150","25/28814",0.000292387219523324,0.00395961675252773,0.00309167098609855,"Ephx2/Fasn/Lipe",3,"BP"
"GO:0051791","medium-chain fatty acid metabolic process","3/150","25/28814",0.000292387219523324,0.00395961675252773,0.00309167098609855,"Crat/Acadm/Acot7",3,"BP"
"GO:0045927","positive regulation of growth","8/150","322/28814",0.000297166234958198,0.00400172733255506,0.0031245509506545,"Lpar3/Acacb/C3/Bmpr1a/Rftn1/Fdps/Prox1/Extl3",8,"BP"
"GO:0055017","cardiac muscle tissue growth","5/150","112/28814",0.000306628443168708,0.00410608032556085,0.00320602982625088,"Adra1b/Nkx2-5/Fgf1/Bmpr1a/Fdps",5,"BP"
"GO:0046622","positive regulation of organ growth","4/150","62/28814",0.000311271360423233,0.00414509694963605,0.00323649402826028,"Acacb/Bmpr1a/Fdps/Prox1",4,"BP"
"GO:1904705","regulation of vascular associated smooth muscle cell proliferation","4/150","64/28814",0.000351688377606373,0.00465744221614627,0.00363653350034388,"Apln/Dnmt1/Igfbp5/Bmpr1a",4,"BP"
"GO:0019318","hexose metabolic process","7/150","257/28814",0.000412383878426706,0.00543123162960887,0.00424070870932726,"Mlycd/Dgat2/Adra1b/Cpt1a/Pdk4/Acacb/Acadm",7,"BP"
"GO:1990874","vascular associated smooth muscle cell proliferation","4/150","67/28814",0.000419162504717302,0.00549034166014958,0.00428686185439956,"Apln/Dnmt1/Igfbp5/Bmpr1a",4,"BP"
"GO:0035051","cardiocyte differentiation","6/150","185/28814",0.000429974625527787,0.00560135422494622,0.00437354052739362,"Adra1b/Nkx2-5/Acadm/Bmpr1a/Fdps/Prox1",6,"BP"
"GO:0061337","cardiac conduction","4/150","68/28814",0.000443571223990303,0.00574724445353923,0.00448745169988483,"Kcne1/Nkx2-5/Abcc9/Hrc",4,"BP"
"GO:0046620","regulation of organ growth","5/150","124/28814",0.000489573232972981,0.00630917763137761,0.00492620944100713,"Acacb/Nkx2-5/Bmpr1a/Fdps/Prox1",5,"BP"
"GO:1903522","regulation of blood circulation","7/150","266/28814",0.000506233151709502,0.00648898858100362,0.00506660593154796,"Kcne1/Adra1b/Nkx2-5/Abcc9/Smtnl2/Hrc/Apln",7,"BP"
"GO:0010460","positive regulation of heart rate","3/150","31/28814",0.000558504219138567,0.00712092879401673,0.00556002520508607,"Adra1b/Hrc/Apln",3,"BP"
"GO:0005996","monosaccharide metabolic process","7/150","273/28814",0.00059039330354392,0.00748768650050147,0.00584638982846611,"Mlycd/Dgat2/Adra1b/Cpt1a/Pdk4/Acacb/Acadm",7,"BP"
"GO:0045860","positive regulation of protein kinase activity","8/150","358/28814",0.000598615711756098,0.0075150819926188,0.0058677802441105,"Acsl1/Mmd/Slc27a1/Prkag2/Fgf1/Maged1/Prox1/Ccnd2",8,"BP"
"GO:0008016","regulation of heart contraction","6/150","197/28814",0.000598823805002165,0.0075150819926188,0.0058677802441105,"Kcne1/Adra1b/Nkx2-5/Abcc9/Hrc/Apln",6,"BP"
"GO:0019433","triglyceride catabolic process","3/150","32/28814",0.000613937523877287,0.0076646262746555,0.00598454450358452,"Plin5/Lipe/Ldlr",3,"BP"
"GO:0006650","glycerophospholipid metabolic process","7/150","277/28814",0.000643258239533693,0.00798906735835369,0.00623786828410639,"Hadha/Fabp3/Dbi/Impa2/Slc27a1/Lpcat3/Ldlr",7,"BP"
"GO:0050996","positive regulation of lipid catabolic process","3/150","33/28814",0.00067276438997205,0.00827540822975439,0.00646144339745001,"Plin5/Cpt1a/Ldlr",3,"BP"
"GO:0003158","endothelium development","5/150","133/28814",0.000673231565026864,0.00827540822975439,0.00646144339745001,"Fasn/Col15a1/Fgf1/Bsg/Prox1",5,"BP"
"GO:0032370","positive regulation of lipid transport","4/150","76/28814",0.000676670843984923,0.00827540822975439,0.00646144339745001,"Acsl1/Fabp3/Dbi/Lpcat3",4,"BP"
"GO:0055094","response to lipoprotein particle","3/150","34/28814",0.00073506669286228,0.00894393331365931,0.00698342815874504,"Ldlr/Hmgcs1/Npc1",3,"BP"
"GO:0071902","positive regulation of protein serine/threonine kinase activity","6/150","207/28814",0.000775446375672993,0.00938760082064729,0.00732984399758948,"Acsl1/Slc27a1/Fgf1/Maged1/Prox1/Ccnd2",6,"BP"
"GO:0010667","negative regulation of cardiac muscle cell apoptotic process","3/150","35/28814",0.000800924778462419,0.00964732007022321,0.00753263293364814,"Acot1/Hspb6/Nkx2-5",3,"BP"
"GO:0048844","artery morphogenesis","4/150","81/28814",0.000860041807449325,0.0103076010622802,0.00804818070339421,"Fkbp10/Ldlr/Bmpr1a/Prox1",4,"BP"
"GO:0022616","DNA strand elongation","3/150","36/28814",0.000870417479623523,0.0103800532271522,0.00810475139445208,"Mcm3/Mcm4/Pcna",3,"BP"
"GO:0051224","negative regulation of protein transport","5/150","141/28814",0.000875957057102748,0.0103944013162143,0.00811595439045694,"Ucp2/Kcne1/Hadh/Cyp51/Insig1",5,"BP"
"GO:0018208","peptidyl-proline modification","3/150","37/28814",0.000943622132452656,0.0109799138421797,0.00857312289985091,"Fkbp10/Fkbp4/Ppil1",3,"BP"
"GO:0035909","aorta morphogenesis","3/150","37/28814",0.000943622132452656,0.0109799138421797,0.00857312289985091,"Fkbp10/Bmpr1a/Prox1",3,"BP"
"GO:0071402","cellular response to lipoprotein particle stimulus","3/150","37/28814",0.000943622132452656,0.0109799138421797,0.00857312289985091,"Ldlr/Hmgcs1/Npc1",3,"BP"
"GO:1904707","positive regulation of vascular associated smooth muscle cell proliferation","3/150","37/28814",0.000943622132452656,0.0109799138421797,0.00857312289985091,"Dnmt1/Igfbp5/Bmpr1a",3,"BP"
"GO:0050679","positive regulation of epithelial cell proliferation","6/150","217/28814",0.000989872731722283,0.0114624393137117,0.0089498790592536,"Vash2/Fgf1/Apln/Bmpr1a/Prox1/Ccnd2",6,"BP"
"GO:0010664","negative regulation of striated muscle cell apoptotic process","3/150","38/28814",0.00102061459249111,0.0117421803935109,0.00916830105160502,"Acot1/Hspb6/Nkx2-5",3,"BP"
"GO:1904950","negative regulation of establishment of protein localization","5/150","146/28814",0.00102382799426107,0.0117421803935109,0.00916830105160502,"Ucp2/Kcne1/Hadh/Cyp51/Insig1",5,"BP"
"GO:0048639","positive regulation of developmental growth","6/150","220/28814",0.00106233354363938,0.0121257785909695,0.00946781473980362,"Lpar3/Acacb/C3/Bmpr1a/Fdps/Prox1",6,"BP"
"GO:0010216","maintenance of DNA methylation","2/150","10/28814",0.00117868173678106,0.0132023370236644,0.0103083921691919,"Uhrf1/Dnmt1",2,"BP"
"GO:0015937","coenzyme A biosynthetic process","2/150","10/28814",0.00117868173678106,0.0132023370236644,0.0103083921691919,"Acot7/Dcakd",2,"BP"
"GO:0060926","cardiac pacemaker cell development","2/150","10/28814",0.00117868173678106,0.0132023370236644,0.0103083921691919,"Nkx2-5/Bmpr1a",2,"BP"
"GO:0150172","regulation of phosphatidylcholine metabolic process","2/150","10/28814",0.00117868173678106,0.0132023370236644,0.0103083921691919,"Fabp3/Ldlr",2,"BP"
"GO:0051147","regulation of muscle cell differentiation","5/150","151/28814",0.00118947630213395,0.0132612776568143,0.0103544130486862,"Nkx2-5/Dnmt1/Bmpr1a/Fdps/Prox1",5,"BP"
"GO:0006839","mitochondrial transport","5/150","153/28814",0.00126099787527929,0.0139935736437244,0.0109261901668937,"Slc25a20/Ucp3/Ucp2/Acaa2/Hspd1",5,"BP"
"GO:0055001","muscle cell development","6/150","228/28814",0.00127554759139793,0.0140898045003725,0.0110013272738565,"Adra1b/Nkx2-5/Acta1/Bmpr1a/Fdps/Prox1",6,"BP"
"GO:0015980","energy derivation by oxidation of organic compounds","7/150","312/28814",0.00128411788873799,0.0141194063270869,0.0110244403967945,"Cat/Adra1b/Acadm/Prkag2/Etfb/Prkaca/Etfa",7,"BP"
"GO:0046434","organophosphate catabolic process","5/150","154/28814",0.00129792740533132,0.0142060821487633,0.0110921169270804,"Mlycd/Impa2/Entpd5/Ldlr/Acot7",5,"BP"
"GO:0009895","negative regulation of catabolic process","7/150","315/28814",0.0013564136982313,0.0147787437939111,0.0115392514615084,"Plin5/Dbi/Adra1b/Cidea/Acacb/Cyp51/Npc1",7,"BP"
"GO:1903725","regulation of phospholipid metabolic process","3/150","42/28814",0.00136792869001634,0.0148367650224849,0.011584554469393,"Fabp3/Slc27a1/Ldlr",3,"BP"
"GO:0045542","positive regulation of cholesterol biosynthetic process","2/150","11/28814",0.00143569361506164,0.0152554349642,0.0119114521952211,"Fgf1/Fdps",2,"BP"
"GO:0055015","ventricular cardiac muscle cell development","2/150","11/28814",0.00143569361506164,0.0152554349642,0.0119114521952211,"Nkx2-5/Prox1",2,"BP"
"GO:0060920","cardiac pacemaker cell differentiation","2/150","11/28814",0.00143569361506164,0.0152554349642,0.0119114521952211,"Nkx2-5/Bmpr1a",2,"BP"
"GO:0106120","positive regulation of sterol biosynthetic process","2/150","11/28814",0.00143569361506164,0.0152554349642,0.0119114521952211,"Fgf1/Fdps",2,"BP"
"GO:0044272","sulfur compound biosynthetic process","4/150","93/28814",0.00143835139837681,0.0152554349642,0.0119114521952211,"Acsl1/Mlycd/Pdk4/Acacb",4,"BP"
"GO:0000724","double-strand break repair via homologous recombination","5/150","158/28814",0.0014536792619932,0.01535008454184,0.0119853546386455,"Mcm2/Mcm3/Mcm4/Mcm6/Mcm5",5,"BP"
"GO:0000725","recombinational repair","5/150","160/28814",0.00153652162656613,0.0161536944687676,0.0126128137213046,"Mcm2/Mcm3/Mcm4/Mcm6/Mcm5",5,"BP"
"GO:0046461","neutral lipid catabolic process","3/150","44/28814",0.00156617867570074,0.0163223055898029,0.0127444653793863,"Plin5/Lipe/Ldlr",3,"BP"
"GO:0046464","acylglycerol catabolic process","3/150","44/28814",0.00156617867570074,0.0163223055898029,0.0127444653793863,"Plin5/Lipe/Ldlr",3,"BP"
"GO:0060047","heart contraction","6/150","238/28814",0.00158641054319029,0.0164615847273902,0.0128532146083041,"Kcne1/Adra1b/Nkx2-5/Abcc9/Hrc/Apln",6,"BP"
"GO:0010660","regulation of muscle cell apoptotic process","4/150","97/28814",0.00167974250484481,0.0173549257935905,0.0135507358149459,"Acot1/Hspb6/Nkx2-5/Dnmt1",4,"BP"
"GO:0045664","regulation of neuron differentiation","6/150","241/28814",0.00169004794172088,0.0173864588682616,0.013575356857374,"Mmd/Nrep/Ywhag/Nkx2-5/Calr/Prox1",6,"BP"
"GO:0015911","long-chain fatty acid import across plasma membrane","2/150","12/28814",0.00171695400145692,0.0174387234808993,0.0136161650962998,"Acsl1/Slc27a1",2,"BP"
"GO:0032000","positive regulation of fatty acid beta-oxidation","2/150","12/28814",0.00171695400145692,0.0174387234808993,0.0136161650962998,"Plin5/Cpt1a",2,"BP"
"GO:0036151","phosphatidylcholine acyl-chain remodeling","2/150","12/28814",0.00171695400145692,0.0174387234808993,0.0136161650962998,"Dbi/Lpcat3",2,"BP"
"GO:0045923","positive regulation of fatty acid metabolic process","3/150","48/28814",0.00201452989859284,0.0202812964220583,0.0158356476465844,"Plin5/Mlycd/Cpt1a",3,"BP"
"GO:0010657","muscle cell apoptotic process","4/150","102/28814",0.00201933664031975,0.0202812964220583,0.0158356476465844,"Acot1/Hspb6/Nkx2-5/Dnmt1",4,"BP"
"GO:0031652","positive regulation of heat generation","2/150","13/28814",0.00202220686060573,0.0202812964220583,0.0158356476465844,"Slc27a1/Apln",2,"BP"
"GO:0003015","heart process","6/150","250/28814",0.00203199952660751,0.0202945952719925,0.0158460313960884,"Kcne1/Adra1b/Nkx2-5/Abcc9/Hrc/Apln",6,"BP"
"GO:0033674","positive regulation of kinase activity","8/150","435/28814",0.00206619220952122,0.0205504677436612,0.0160458167657948,"Acsl1/Mmd/Slc27a1/Prkag2/Fgf1/Maged1/Prox1/Ccnd2",8,"BP"
"GO:0034764","positive regulation of transmembrane transport","6/150","253/28814",0.00215686331960874,0.0213636420541411,0.0166807437245078,"Acsl1/Dbi/Kcne1/Ak1/C3/Ifngr2",6,"BP"
"GO:1902930","regulation of alcohol biosynthetic process","3/150","50/28814",0.00226563247376571,0.0223486462535655,0.0174498355570952,"Lpcat3/Fgf1/Fdps",3,"BP"
"GO:0008228","opsonization","2/150","14/28814",0.00235119813478452,0.0230033548125653,0.017961032367978,"Spon2/C3",2,"BP"
"GO:0090110","COPII-coated vesicle cargo loading","2/150","14/28814",0.00235119813478452,0.0230033548125653,0.017961032367978,"Sec24d/Insig1",2,"BP"
"GO:0051289","protein homotetramerization","3/150","51/28814",0.00239812421512945,0.0233670883888833,0.018245035748824,"Acacb/Aldh9a1/Aldh1a2",3,"BP"
"GO:0033002","muscle cell proliferation","6/150","259/28814",0.00242388600136235,0.023522488847229,0.0183663725140518,"Nkx2-5/Fgf1/Apln/Dnmt1/Igfbp5/Bmpr1a",6,"BP"
"GO:0010595","positive regulation of endothelial cell migration","4/150","109/28814",0.00257056619067988,0.0248453514478212,0.0193992643761834,"Fgf1/Calr/Bsg/Prox1",4,"BP"
"GO:0014074","response to purine-containing compound","4/150","110/28814",0.00265692410790552,0.0254145518665221,0.0198436963830562,"Kcne1/Abcc9/Igfbp5/Hmgcs1",4,"BP"
"GO:0060412","ventricular septum morphogenesis","3/150","53/28814",0.00267727236867134,0.0254145518665221,0.0198436963830562,"Nkx2-5/Bmpr1a/Prox1",3,"BP"
"GO:0010889","regulation of sequestering of triglyceride","2/150","15/28814",0.00270367573048108,0.0254145518665221,0.0198436963830562,"Plin5/Cidea",2,"BP"
"GO:0015936","coenzyme A metabolic process","2/150","15/28814",0.00270367573048108,0.0254145518665221,0.0198436963830562,"Acot7/Dcakd",2,"BP"
"GO:0032933","SREBP signaling pathway","2/150","15/28814",0.00270367573048108,0.0254145518665221,0.0198436963830562,"Lpcat3/Insig1",2,"BP"
"GO:0042574","retinal metabolic process","2/150","15/28814",0.00270367573048108,0.0254145518665221,0.0198436963830562,"Aldh1a2/Dhrs4",2,"BP"
"GO:0071468","cellular response to acidic pH","2/150","15/28814",0.00270367573048108,0.0254145518665221,0.0198436963830562,"Kcne1/Rab11b",2,"BP"
"GO:0002027","regulation of heart rate","4/150","112/28814",0.00283557108908091,0.0265502496114333,0.0207304498206655,"Kcne1/Adra1b/Hrc/Apln",4,"BP"
"GO:0055010","ventricular cardiac muscle tissue morphogenesis","3/150","55/28814",0.00297567053497829,0.0277536275188442,0.021670047967198,"Nkx2-5/Bmpr1a/Prox1",3,"BP"
"GO:0007512","adult heart development","2/150","16/28814",0.00307938950505294,0.0282808300521528,0.0220816880015492,"Adra1b/Nkx2-5",2,"BP"
"GO:0030299","intestinal cholesterol absorption","2/150","16/28814",0.00307938950505294,0.0282808300521528,0.0220816880015492,"Lpcat3/Ldlr",2,"BP"
"GO:0031650","regulation of heat generation","2/150","16/28814",0.00307938950505294,0.0282808300521528,0.0220816880015492,"Slc27a1/Apln",2,"BP"
"GO:0071501","cellular response to sterol depletion","2/150","16/28814",0.00307938950505294,0.0282808300521528,0.0220816880015492,"Lpcat3/Insig1",2,"BP"
"GO:0010665","regulation of cardiac muscle cell apoptotic process","3/150","56/28814",0.00313222019424487,0.0286562282656678,0.0223747991376753,"Acot1/Hspb6/Nkx2-5",3,"BP"
"GO:0060840","artery development","4/150","116/28814",0.00321720484228017,0.029321825121466,0.0228944975368187,"Fkbp10/Ldlr/Bmpr1a/Prox1",4,"BP"
"GO:0006260","DNA replication","6/150","277/28814",0.00337528047366599,0.0306460124824901,0.0239284237726401,"Mcm2/Mcm3/Mcm4/Mcm6/Pcna/Mcm5",6,"BP"
"GO:0001523","retinoid metabolic process","3/150","58/28814",0.0034602737717072,0.0307634818098802,0.0240201438894965,"Retsat/Aldh1a2/Dhrs4",3,"BP"
"GO:0043470","regulation of carbohydrate catabolic process","3/150","58/28814",0.0034602737717072,0.0307634818098802,0.0240201438894965,"Adra1b/Entpd5/Prkag2",3,"BP"
"GO:0003222","ventricular trabecula myocardium morphogenesis","2/150","17/28814",0.00347809125347005,0.0307634818098802,0.0240201438894965,"Nkx2-5/Bmpr1a",2,"BP"
"GO:0006991","response to sterol depletion","2/150","17/28814",0.00347809125347005,0.0307634818098802,0.0240201438894965,"Lpcat3/Insig1",2,"BP"
"GO:0010896","regulation of triglyceride catabolic process","2/150","17/28814",0.00347809125347005,0.0307634818098802,0.0240201438894965,"Plin5/Ldlr",2,"BP"
"GO:0032048","cardiolipin metabolic process","2/150","17/28814",0.00347809125347005,0.0307634818098802,0.0240201438894965,"Hadha/Slc27a1",2,"BP"
"GO:0035459","vesicle cargo loading","2/150","17/28814",0.00347809125347005,0.0307634818098802,0.0240201438894965,"Sec24d/Insig1",2,"BP"
"GO:0031667","response to nutrient levels","7/150","373/28814",0.0034908915528942,0.0307634818098802,0.0240201438894965,"Scd4/Angptl4/Pdk4/Acacb/Acadm/Prkag2/Ldlr",7,"BP"
"GO:0006090","pyruvate metabolic process","4/150","119/28814",0.00352541145365095,0.0309538873787594,0.0241688126647056,"Me1/Pdk4/Entpd5/Prkag2",4,"BP"
"GO:0048732","gland development","8/150","476/28814",0.0035776694584902,0.0312980791678869,0.0244375578071286,"Fasn/Nkx2-5/Acadm/Fgf1/Fkbp4/Igfbp5/Bmpr1a/Prox1",8,"BP"
"GO:0010662","regulation of striated muscle cell apoptotic process","3/150","59/28814",0.003631875385502,0.0316567465419938,0.0247176054944404,"Acot1/Hspb6/Nkx2-5",3,"BP"
"GO:0010659","cardiac muscle cell apoptotic process","3/150","60/28814",0.00380859007376616,0.0329126220572299,0.0256981938026721,"Acot1/Hspb6/Nkx2-5",3,"BP"
"GO:0016101","diterpenoid metabolic process","3/150","60/28814",0.00380859007376616,0.0329126220572299,0.0256981938026721,"Retsat/Aldh1a2/Dhrs4",3,"BP"
"GO:0034754","cellular hormone metabolic process","4/150","122/28814",0.00385310073393946,0.0329126220572299,0.0256981938026721,"Retsat/Hsd17b7/Aldh1a2/Hsd17b4",4,"BP"
"GO:0030730","sequestering of triglyceride","2/150","18/28814",0.00389953469514113,0.0329126220572299,0.0256981938026721,"Plin5/Cidea",2,"BP"
"GO:0043278","response to morphine","2/150","18/28814",0.00389953469514113,0.0329126220572299,0.0256981938026721,"Adra1b/Ppp1r1b",2,"BP"
"GO:0055012","ventricular cardiac muscle cell differentiation","2/150","18/28814",0.00389953469514113,0.0329126220572299,0.0256981938026721,"Nkx2-5/Prox1",2,"BP"
"GO:0060192","negative regulation of lipase activity","2/150","18/28814",0.00389953469514113,0.0329126220572299,0.0256981938026721,"Plin5/Angptl4",2,"BP"
"GO:0090205","positive regulation of cholesterol metabolic process","2/150","18/28814",0.00389953469514113,0.0329126220572299,0.0256981938026721,"Fgf1/Fdps",2,"BP"
"GO:1901570","fatty acid derivative biosynthetic process","2/150","18/28814",0.00389953469514113,0.0329126220572299,0.0256981938026721,"Acsl1/Hmgcs2",2,"BP"
"GO:0032368","regulation of lipid transport","4/150","123/28814",0.003966758292515,0.0333625250075735,0.0260494782791936,"Acsl1/Fabp3/Dbi/Lpcat3",4,"BP"
"GO:0042593","glucose homeostasis","6/150","291/28814",0.0042889532608466,0.0355070171611645,0.0277238989581496,"Ucp2/Adra1b/Pdk4/Rab11b/Prkaca/Igfbp5",6,"BP"
"GO:0003228","atrial cardiac muscle tissue development","2/150","19/28814",0.0043434754608232,0.0355070171611645,0.0277238989581496,"Nkx2-5/Prox1",2,"BP"
"GO:0006085","acetyl-CoA biosynthetic process","2/150","19/28814",0.0043434754608232,0.0355070171611645,0.0277238989581496,"Mlycd/Pdk4",2,"BP"
"GO:0014072","response to isoquinoline alkaloid","2/150","19/28814",0.0043434754608232,0.0355070171611645,0.0277238989581496,"Adra1b/Ppp1r1b",2,"BP"
"GO:0044241","lipid digestion","2/150","19/28814",0.0043434754608232,0.0355070171611645,0.0277238989581496,"Lpcat3/Ldlr",2,"BP"
"GO:0046485","ether lipid metabolic process","2/150","19/28814",0.0043434754608232,0.0355070171611645,0.0277238989581496,"Fasn/Lipe",2,"BP"
"GO:0050746","regulation of lipoprotein metabolic process","2/150","19/28814",0.0043434754608232,0.0355070171611645,0.0277238989581496,"Dgat2/Dbi",2,"BP"
"GO:0055003","cardiac myofibril assembly","2/150","19/28814",0.0043434754608232,0.0355070171611645,0.0277238989581496,"Nkx2-5/Prox1",2,"BP"
"GO:0033500","carbohydrate homeostasis","6/150","292/28814",0.00436055629668458,0.0355070171611645,0.0277238989581496,"Ucp2/Adra1b/Pdk4/Rab11b/Prkaca/Igfbp5",6,"BP"
"GO:0010658","striated muscle cell apoptotic process","3/150","63/28814",0.00436986652588382,0.0355070171611645,0.0277238989581496,"Acot1/Hspb6/Nkx2-5",3,"BP"
"GO:0003229","ventricular cardiac muscle tissue development","3/150","65/28814",0.00477042884134928,0.0376757567903087,0.0294172520796473,"Nkx2-5/Bmpr1a/Prox1",3,"BP"
"GO:0006081","cellular aldehyde metabolic process","3/150","65/28814",0.00477042884134928,0.0376757567903087,0.0294172520796473,"Aldh9a1/Aldh1a2/Dhrs4",3,"BP"
"GO:0051148","negative regulation of muscle cell differentiation","3/150","65/28814",0.00477042884134928,0.0376757567903087,0.0294172520796473,"Nkx2-5/Dnmt1/Bmpr1a",3,"BP"
"GO:0060038","cardiac muscle cell proliferation","3/150","65/28814",0.00477042884134928,0.0376757567903087,0.0294172520796473,"Nkx2-5/Fgf1/Bmpr1a",3,"BP"
"GO:0003159","morphogenesis of an endothelium","2/150","20/28814",0.00480967107961387,0.0376757567903087,0.0294172520796473,"Fgf1/Bsg",2,"BP"
"GO:0003161","cardiac conduction system development","2/150","20/28814",0.00480967107961387,0.0376757567903087,0.0294172520796473,"Nkx2-5/Bmpr1a",2,"BP"
"GO:0003215","cardiac right ventricle morphogenesis","2/150","20/28814",0.00480967107961387,0.0376757567903087,0.0294172520796473,"Nkx2-5/Bmpr1a",2,"BP"
"GO:0006071","glycerol metabolic process","2/150","20/28814",0.00480967107961387,0.0376757567903087,0.0294172520796473,"Dgat2/Coq3",2,"BP"
"GO:0060841","venous blood vessel development","2/150","20/28814",0.00480967107961387,0.0376757567903087,0.0294172520796473,"Nkx2-5/Prox1",2,"BP"
"GO:0061154","endothelial tube morphogenesis","2/150","20/28814",0.00480967107961387,0.0376757567903087,0.0294172520796473,"Fgf1/Bsg",2,"BP"
"GO:0098856","intestinal lipid absorption","2/150","20/28814",0.00480967107961387,0.0376757567903087,0.0294172520796473,"Lpcat3/Ldlr",2,"BP"
"GO:0045776","negative regulation of blood pressure","3/150","66/28814",0.00497874794366761,0.0388731557686361,0.0303521818749906,"Scpep1/Abcc9/Apln",3,"BP"
"GO:0060048","cardiac muscle contraction","4/150","132/28814",0.00509331337895929,0.0396385460044332,0.0309497990013316,"Kcne1/Adra1b/Nkx2-5/Abcc9",4,"BP"
"GO:0032387","negative regulation of intracellular transport","3/150","67/28814",0.0051924785111184,0.040149583842422,0.0313488176324907,"Kcne1/Hrc/Insig1",3,"BP"
"GO:0090398","cellular senescence","3/150","67/28814",0.0051924785111184,0.040149583842422,0.0313488176324907,"Hmga1/Calr/Bmpr1a",3,"BP"
"GO:0048638","regulation of developmental growth","7/150","402/28814",0.00523109133703366,0.0403143513509962,0.0314774681958023,"Lpar3/Acacb/Nkx2-5/C3/Bmpr1a/Fdps/Prox1",7,"BP"
"GO:0000413","protein peptidyl-prolyl isomerization","2/150","21/28814",0.00529788096602578,0.0403143513509962,0.0314774681958023,"Fkbp4/Ppil1",2,"BP"
"GO:0006662","glycerol ether metabolic process","2/150","21/28814",0.00529788096602578,0.0403143513509962,0.0314774681958023,"Fasn/Lipe",2,"BP"
"GO:0048148","behavioral response to cocaine","2/150","21/28814",0.00529788096602578,0.0403143513509962,0.0314774681958023,"Adra1b/Ppp1r1b",2,"BP"
"GO:0071071","regulation of phospholipid biosynthetic process","2/150","21/28814",0.00529788096602578,0.0403143513509962,0.0314774681958023,"Fabp3/Slc27a1",2,"BP"
"GO:0097006","regulation of plasma lipoprotein particle levels","3/150","68/28814",0.00541165884744739,0.0410498299282639,0.03205173028235,"Dgat2/Lpcat3/Ldlr",3,"BP"
"GO:0009991","response to extracellular stimulus","7/150","406/28814",0.00551458552222202,0.0416986167090416,0.0325583033654682,"Scd4/Angptl4/Pdk4/Acacb/Acadm/Prkag2/Ldlr",7,"BP"
"GO:0001666","response to hypoxia","5/150","216/28814",0.00555964179027156,0.0419071112304432,0.0327210960049747,"Acot2/Ucp3/Ucp2/Cat/Acaa2",5,"BP"
"GO:0000303","response to superoxide","2/150","22/28814",0.00580786640714282,0.0431004822845862,0.0336528807948507,"Ucp3/Ucp2",2,"BP"
"GO:0001975","response to amphetamine","2/150","22/28814",0.00580786640714282,0.0431004822845862,0.0336528807948507,"Adra1b/Ppp1r1b",2,"BP"
"GO:0006658","phosphatidylserine metabolic process","2/150","22/28814",0.00580786640714282,0.0431004822845862,0.0336528807948507,"Slc27a1/Lpcat3",2,"BP"
"GO:0031579","membrane raft organization","2/150","22/28814",0.00580786640714282,0.0431004822845862,0.0336528807948507,"Rftn1/Npc1",2,"BP"
"GO:0035634","response to stilbenoid","2/150","22/28814",0.00580786640714282,0.0431004822845862,0.0336528807948507,"Cidea/Idi1",2,"BP"
"GO:0006949","syncytium formation","3/150","70/28814",0.00586651683659175,0.0431350946543264,0.0336799061525997,"Ptgfrn/Vash2/Ccng1",3,"BP"
"GO:0035904","aorta development","3/150","70/28814",0.00586651683659175,0.0431350946543264,0.0336799061525997,"Fkbp10/Bmpr1a/Prox1",3,"BP"
"GO:0046503","glycerolipid catabolic process","3/150","70/28814",0.00586651683659175,0.0431350946543264,0.0336799061525997,"Plin5/Lipe/Ldlr",3,"BP"
"GO:0008217","regulation of blood pressure","5/150","220/28814",0.00599959720315589,0.0439786987644179,0.0343385927159542,"Adra1b/Ephx2/Scpep1/Abcc9/Apln",5,"BP"
"GO:0030239","myofibril assembly","3/150","71/28814",0.00610226592823249,0.04459491289626,0.0348197330564742,"Nkx2-5/Acta1/Prox1",3,"BP"
"GO:0000305","response to oxygen radical","2/150","23/28814",0.00633939054985746,0.045662545447531,0.0356533411526294,"Ucp3/Ucp2",2,"BP"
"GO:0019400","alditol metabolic process","2/150","23/28814",0.00633939054985746,0.045662545447531,0.0356533411526294,"Dgat2/Coq3",2,"BP"
"GO:0031649","heat generation","2/150","23/28814",0.00633939054985746,0.045662545447531,0.0356533411526294,"Slc27a1/Apln",2,"BP"
"GO:0055002","striated muscle cell development","3/150","72/28814",0.006343607690458,0.045662545447531,0.0356533411526294,"Nkx2-5/Acta1/Prox1",3,"BP"
"GO:0055008","cardiac muscle tissue morphogenesis","3/150","72/28814",0.006343607690458,0.045662545447531,0.0356533411526294,"Nkx2-5/Bmpr1a/Prox1",3,"BP"
"GO:0000079","regulation of cyclin-dependent protein serine/threonine kinase activity","3/150","73/28814",0.006590575330517,0.0472982307402672,0.0369304851486266,"Ccng1/Prox1/Ccnd2",3,"BP"
"GO:0006310","DNA recombination","6/150","321/28814",0.00684581812607147,0.0487334733819732,0.0380511234100293,"Mcm2/Mcm3/Mcm4/Mcm6/Hspd1/Mcm5",6,"BP"
"GO:0008210","estrogen metabolic process","2/150","24/28814",0.00689221838818895,0.0487334733819732,0.0380511234100293,"Hsd17b7/Hsd17b4",2,"BP"
"GO:0010447","response to acidic pH","2/150","24/28814",0.00689221838818895,0.0487334733819732,0.0380511234100293,"Kcne1/Rab11b",2,"BP"
"GO:0014075","response to amine","2/150","24/28814",0.00689221838818895,0.0487334733819732,0.0380511234100293,"Adra1b/Ppp1r1b",2,"BP"
"GO:0034383","low-density lipoprotein particle clearance","2/150","24/28814",0.00689221838818895,0.0487334733819732,0.0380511234100293,"Dgat2/Ldlr",2,"BP"
"GO:0043588","skin development","6/150","322/28814",0.0069466089345656,0.0489735929886875,0.0382386089339246,"Dbi/Igfbp5/Txnip/Lamc1/Dhcr24/Fras1",6,"BP"
"GO:0030301","cholesterol transport","3/150","75/28814",0.00710151616682451,0.0497729071692349,0.0388627138953954,"Lpcat3/Ldlr/Npc1",3,"BP"
"GO:1901292","nucleoside phosphate catabolic process","3/150","75/28814",0.00710151616682451,0.0497729071692349,0.0388627138953954,"Mlycd/Entpd5/Acot7",3,"BP"
"GO:0005743","mitochondrial inner membrane","21/151","460/28739",4.77310559593161e-14,4.13574189164075e-12,3.05970974108477e-12,"Hmgcs2/Acadvl/Hadha/Etfdh/Hadhb/Slc25a20/Cpt2/Ucp3/Ucp2/Crat/Acaa2/Cpt1a/Pdk4/Slc25a34/Eci1/Coq3/Hadh/Slc27a1/Slc25a42/Hspd1/Abcd3",21,"CC"
"GO:0005777","peroxisome","14/151","149/28739",5.85246494100107e-14,4.13574189164075e-12,3.05970974108477e-12,"Acsl1/Hsdl2/Crat/Mlycd/Eci2/Cat/Vwa8/Ephx2/Idi1/Hspd1/Abcd3/Dhrs4/Fdps/Hsd17b4",14,"CC"
"GO:0042579","microbody","14/151","149/28739",5.85246494100107e-14,4.13574189164075e-12,3.05970974108477e-12,"Acsl1/Hsdl2/Crat/Mlycd/Eci2/Cat/Vwa8/Ephx2/Idi1/Hspd1/Abcd3/Dhrs4/Fdps/Hsd17b4",14,"CC"
"GO:0005759","mitochondrial matrix","15/151","288/28739",3.81820793191529e-11,2.02365020391511e-09,1.49713942593521e-09,"Hmgcs2/Acadvl/Hadha/Etfdh/Hadhb/Mlycd/Acadl/Acaa2/Acadm/Etfb/Hspd1/Etfa/Iba57/Acot7/Fdps",15,"CC"
"GO:0042555","MCM complex","5/151","11/28739",1.68738443401896e-09,5.96209166686698e-08,4.41088211699692e-08,"Mcm2/Mcm3/Mcm4/Mcm6/Mcm5",5,"CC"
"GO:0071162","CMG complex","5/151","11/28739",1.68738443401896e-09,5.96209166686698e-08,4.41088211699692e-08,"Mcm2/Mcm3/Mcm4/Mcm6/Mcm5",5,"CC"
"GO:0031261","DNA replication preinitiation complex","5/151","12/28739",2.88041757587014e-09,8.72355037263527e-08,6.45386795194963e-08,"Mcm2/Mcm3/Mcm4/Mcm6/Mcm5",5,"CC"
"GO:0005782","peroxisomal matrix","5/151","28/28739",3.34002797710407e-07,7.86762145717848e-06,5.82063355074277e-06,"Mlycd/Eci2/Hspd1/Abcd3/Hsd17b4",5,"CC"
"GO:0031907","microbody lumen","5/151","28/28739",3.34002797710407e-07,7.86762145717848e-06,5.82063355074277e-06,"Mlycd/Eci2/Hspd1/Abcd3/Hsd17b4",5,"CC"
"GO:0043292","contractile fiber","9/151","237/28739",4.84308994462399e-06,0.000102673506826029,7.59600422893658e-05,"Dbi/Kcne1/Synpo2/Abcc9/Smtnl2/Acta1/Hrc/Ky/Ak1",9,"CC"
"GO:0030017","sarcomere","8/151","199/28739",1.09430288246849e-05,0.000210902010075746,0.000156029788983546,"Kcne1/Synpo2/Abcc9/Smtnl2/Acta1/Hrc/Ky/Ak1",8,"CC"
"GO:0030016","myofibril","8/151","224/28739",2.56701618747243e-05,0.00045350619312013,0.000335513519239818,"Kcne1/Synpo2/Abcc9/Smtnl2/Acta1/Hrc/Ky/Ak1",8,"CC"
"GO:0045121","membrane raft","10/151","393/28739",4.62437396128573e-05,0.000715306614974959,0.000529199034911961,"Slc27a1/Lipe/Hspd1/Prkaca/Rtn4rl1/Bsg/Ldlr/Bmpr1a/Rftn1/Npc1",10,"CC"
"GO:0098857","membrane microdomain","10/151","394/28739",4.72372292907992e-05,0.000715306614974959,0.000529199034911961,"Slc27a1/Lipe/Hspd1/Prkaca/Rtn4rl1/Bsg/Ldlr/Bmpr1a/Rftn1/Npc1",10,"CC"
"GO:1902911","protein kinase complex","6/151","126/28739",5.5839718221989e-05,0.000789201350870778,0.000583867930882552,"Ccng1/Prkag2/Prkaca/Pcna/Erc1/Ccnd2",6,"CC"
"GO:0005778","peroxisomal membrane","4/151","46/28739",0.000100651329468295,0.00125518128513404,0.000928609788902539,"Acsl1/Cat/Abcd3/Dhrs4",4,"CC"
"GO:0031903","microbody membrane","4/151","46/28739",0.000100651329468295,0.00125518128513404,0.000928609788902539,"Acsl1/Cat/Abcd3/Dhrs4",4,"CC"
"GO:0031301","integral component of organelle membrane","8/151","350/28739",0.000548777327251624,0.00646337740985246,0.00478174396260187,"Scd4/Etfdh/Dgat2/Scd2/Cpt1a/Calr/Insig1/Npc1",8,"CC"
"GO:0032993","protein-DNA complex","6/151","194/28739",0.000579963870047324,0.00647117581315961,0.00478751338709425,"Mcm2/Nkx2-5/Mcm3/Mcm4/Mcm6/Mcm5",6,"CC"
"GO:0044853","plasma membrane raft","5/151","136/28739",0.000776185185373418,0.0079510950984663,0.00588238912448599,"Slc27a1/Lipe/Prkaca/Ldlr/Bmpr1a",5,"CC"
"GO:0031300","intrinsic component of organelle membrane","8/151","370/28739",0.000787608476734869,0.0079510950984663,0.00588238912448599,"Scd4/Etfdh/Dgat2/Scd2/Cpt1a/Calr/Insig1/Npc1",8,"CC"
"GO:0031674","I band","5/151","145/28739",0.00103460726385874,0.009969851815366,0.00737590824473453,"Kcne1/Synpo2/Smtnl2/Hrc/Ky",5,"CC"
"GO:0001669","acrosomal vesicle","5/151","153/28739",0.00131359612906195,0.0121079295374406,0.00895770358033092,"Cyp51/Abcc9/Calr/Prkaca/Bsg",5,"CC"
"GO:0030176","integral component of endoplasmic reticulum membrane","5/151","155/28739",0.00139125422247038,0.0122894122984883,0.00909196838368799,"Scd4/Dgat2/Scd2/Calr/Insig1",5,"CC"
"GO:0031588","nucleotide-activated protein kinase complex","2/151","11/28739",0.00146214574064484,0.0123989958806682,0.00917304064657182,"Prkag2/Prkaca",2,"CC"
"GO:0005901","caveola","4/151","96/28739",0.00167248608629712,0.0136316048524709,0.0100849509583822,"Slc27a1/Lipe/Ldlr/Bmpr1a",4,"CC"
"GO:0031227","intrinsic component of endoplasmic reticulum membrane","5/151","163/28739",0.00173610061800337,0.0136316048524709,0.0100849509583822,"Scd4/Dgat2/Scd2/Calr/Insig1",5,"CC"
"GO:0009295","nucleoid","3/151","48/28739",0.00206816146677764,0.015118973481271,0.0111853378783981,"Acadvl/Hadha/Hadhb",3,"CC"
"GO:0042645","mitochondrial nucleoid","3/151","48/28739",0.00206816146677764,0.015118973481271,0.0111853378783981,"Acadvl/Hadha/Hadhb",3,"CC"
"GO:0000307","cyclin-dependent protein kinase holoenzyme complex","3/151","51/28739",0.00246170655056519,0.017396059623994,0.0128699745976917,"Ccng1/Pcna/Ccnd2",3,"CC"
"GO:0005811","lipid droplet","4/151","109/28739",0.00265758108803744,0.0176064747082481,0.0130256441486046,"Plin5/Dgat2/Cidea/Lipe",4,"CC"
"GO:1902554","serine/threonine protein kinase complex","4/151","109/28739",0.00265758108803744,0.0176064747082481,0.0130256441486046,"Ccng1/Pcna/Erc1/Ccnd2",4,"CC"
"GO:0061695","transferase complex, transferring phosphorus-containing groups","6/151","267/28739",0.00294938477044389,0.0189475627677001,0.0140178095947732,"Ccng1/Prkag2/Prkaca/Pcna/Erc1/Ccnd2",6,"CC"
"GO:0000228","nuclear chromosome","6/151","276/28739",0.00346981765096,0.0216353335883388,0.016006279566348,"Mcm2/Mcm3/Mcm4/Mcm6/Pcna/Mcm5",6,"CC"
"GO:1990204","oxidoreductase complex","4/151","121/28739",0.00386660394702321,0.023420572479112,0.0173270372362845,"Etfdh/Cat/Etfb/Etfa",4,"CC"
"GO:0019867","outer membrane","5/151","209/28739",0.00503665527562413,0.0288586734711437,0.0213502599165859,"Acsl1/Hadhb/Cpt1b/Retsat/Cpt1a",5,"CC"
"GO:0031968","organelle outer membrane","5/151","209/28739",0.00503665527562413,0.0288586734711437,0.0213502599165859,"Acsl1/Hadhb/Cpt1b/Retsat/Cpt1a",5,"CC"
"GO:0030018","Z disc","4/151","132/28739",0.00526123568808818,0.0289578189139449,0.021423609822134,"Kcne1/Synpo2/Hrc/Ky",4,"CC"
"GO:0005657","replication fork","3/151","67/28739",0.00532714593228232,0.0289578189139449,0.021423609822134,"Uhrf1/Dnmt1/Pcna",3,"CC"
"GO:0097038","perinuclear endoplasmic reticulum","2/151","26/28739",0.0082054559569904,0.0434889165720491,0.0321740246734623,"Dgat2/Dbi",2,"CC"
"GO:0000062","fatty-acyl-CoA binding","7/148","26/28275",5.64683064145678e-11,1.54455980590126e-08,1.24635370345582e-08,"Acadvl/Hadha/Eci2/Dbi/Acadl/Acadm/Acot7",7,"MF"
"GO:1901567","fatty acid derivative binding","7/148","27/28275",7.58997447617329e-11,1.54455980590126e-08,1.24635370345582e-08,"Acadvl/Hadha/Eci2/Dbi/Acadl/Acadm/Acot7",7,"MF"
"GO:0120227","acyl-CoA binding","7/148","29/28275",1.32238575568679e-10,1.79403667521508e-08,1.44766440622554e-08,"Acadvl/Hadha/Eci2/Dbi/Acadl/Acadm/Acot7",7,"MF"
"GO:0016746","acyltransferase activity","13/148","257/28275",1.09652030552861e-09,1.11570941087536e-07,9.0030088243402e-08,"Hmgcs2/Hadha/Hadhb/Cpt2/Crat/Cpt1b/Dgat2/Acaa2/Cpt1a/Fasn/Agpat3/Lpcat3/Hmgcs1",13,"MF"
"GO:0016627","oxidoreductase activity, acting on the CH-CH group of donors","8/148","65/28275",1.82655647501252e-09,1.48681697066019e-07,1.19975920042928e-07,"Acadvl/Decr1/Crat/Acadl/Retsat/Fasn/Acadm/Dhcr24",8,"MF"
"GO:0033218","amide binding","16/148","452/28275",2.21856909555899e-09,1.50492936982085e-07,1.21437466283229e-07,"Acadvl/Hadha/Eci2/Dbi/Acadl/Cat/Fasn/Fkbp10/Acadm/Calr/Fkbp4/Ppil1/Ldlr/Acot7/Ramp1/Dhcr24",16,"MF"
"GO:0008374","O-acyltransferase activity","7/148","51/28275",8.9103223220884e-09,5.18071597869997e-07,4.18048205186704e-07,"Cpt2/Crat/Cpt1b/Dgat2/Cpt1a/Agpat3/Lpcat3",7,"MF"
"GO:0016853","isomerase activity","10/148","167/28275",1.99178697373185e-08,1.01332162288608e-06,8.17680968163602e-07,"Eci2/Fkbp10/Eci1/Acadm/Idi1/Hspd1/Fkbp4/Ppil1/Hmgcs1/Hsd17b4",10,"MF"
"GO:0016747","acyltransferase activity, transferring groups other than amino-acyl groups","11/148","225/28275",3.11948132360425e-08,1.41069877634103e-06,1.13833704440296e-06,"Hadha/Hadhb/Cpt2/Crat/Cpt1b/Dgat2/Acaa2/Cpt1a/Fasn/Agpat3/Lpcat3",11,"MF"
"GO:0017116","single-stranded DNA helicase activity","5/148","23/28275",1.14492970978047e-07,4.65986391880653e-06,3.76019020475272e-06,"Mcm2/Mcm3/Mcm4/Mcm6/Mcm5",5,"MF"
"GO:0047617","acyl-CoA hydrolase activity","5/148","28/28275",3.27428081124733e-07,1.18086107990797e-05,9.52873805589773e-06,"Acot2/Acot1/Acaa2/Abcd3/Acot7",5,"MF"
"GO:0016790","thiolester hydrolase activity","6/148","53/28275",3.48165428965494e-07,1.18086107990797e-05,9.52873805589773e-06,"Acot2/Acot1/Acaa2/Fasn/Abcd3/Acot7",6,"MF"
"GO:0016289","CoA hydrolase activity","5/148","30/28275",4.70785165070213e-07,1.47391970910444e-05,1.18935199596685e-05,"Acot2/Acot1/Acaa2/Abcd3/Acot7",5,"MF"
"GO:0102991","myristoyl-CoA hydrolase activity","4/148","15/28275",9.40636467954054e-07,2.73456458898071e-05,2.20660584963658e-05,"Acot2/Acot1/Acaa2/Acot7",4,"MF"
"GO:0016290","palmitoyl-CoA hydrolase activity","4/148","17/28275",1.62676687687924e-06,4.413960792599e-05,3.56176326727244e-05,"Acot2/Acot1/Acaa2/Acot7",4,"MF"
"GO:0016829","lyase activity","8/148","195/28275",9.15909040863484e-06,0.000232984362269649,0.000188002382071978,"Hadha/Mlycd/Me1/Fasn/Eci1/Hmga1/Ddc/Hsd17b4",8,"MF"
"GO:0003995","acyl-CoA dehydrogenase activity","3/148","10/28275",1.64150853159546e-05,0.000371163317977417,0.000299503311027943,"Acadvl/Acadl/Acadm",3,"MF"
"GO:0004300","enoyl-CoA hydratase activity","3/148","10/28275",1.64150853159546e-05,0.000371163317977417,0.000299503311027943,"Hadha/Eci1/Hsd17b4",3,"MF"
"GO:0016616","oxidoreductase activity, acting on the CH-OH group of donors, NAD or NADP as acceptor","7/148","154/28275",1.74394114672727e-05,0.000373570550904211,0.000301445782702997,"Hadha/Me1/Fasn/Hadh/Hsd17b7/Dhrs4/Hsd17b4",7,"MF"
"GO:1901681","sulfur compound binding","9/148","284/28275",1.98830276258882e-05,0.000404619612186826,0.000326500243119849,"Acadvl/Hadha/Eci2/Dbi/Acadl/Acadm/Fgf1/Rtn4rl1/Acot7",9,"MF"
"GO:0140097","catalytic activity, acting on DNA","8/148","221/28275",2.26304856230447e-05,0.000438600364218057,0.00035392037666115,"Mcm2/Hmga1/Mcm3/Mcm4/Mcm6/Dnmt1/Pcna/Mcm5",8,"MF"
"GO:0016614","oxidoreductase activity, acting on CH-OH group of donors","7/148","164/28275",2.615980234307e-05,0.000483956343346796,0.000390519537370232,"Hadha/Me1/Fasn/Hadh/Hsd17b7/Dhrs4/Hsd17b4",7,"MF"
"GO:0003678","DNA helicase activity","5/148","70/28275",3.37914570726135e-05,0.000597961870806681,0.000482514169640979,"Mcm2/Mcm3/Mcm4/Mcm6/Mcm5",5,"MF"
"GO:0016835","carbon-oxygen lyase activity","5/148","80/28275",6.43611480585113e-05,0.00109145780249225,0.00088073149974805,"Hadha/Fasn/Eci1/Hmga1/Hsd17b4",5,"MF"
"GO:0043138","3'-5' DNA helicase activity","3/148","16/28275",7.48564741619031e-05,0.00121866339935578,0.000983377681621632,"Mcm2/Mcm6/Mcm5",3,"MF"
"GO:0050660","flavin adenine dinucleotide binding","5/148","86/28275",9.09223329797192e-05,0.0014232842124133,0.00114849262711224,"Acadvl/Acadl/Acadm/Etfa/Dhcr24",5,"MF"
"GO:0005324","long-chain fatty acid transporter activity","3/148","19/28275",0.00012804425285423,0.00193014855228414,0.00155749734465964,"Fabp3/Slc27a1/Abcd3",3,"MF"
"GO:0016922","nuclear receptor binding","6/148","155/28275",0.00017101561532329,0.00248583412273496,0.00200589744288972,"Hmga1/Calr/Fkbp4/Dnmt1/Pcna/Prox1",6,"MF"
"GO:0016408","C-acyltransferase activity","3/148","22/28275",0.000201166436886069,0.00282326689009069,0.00227818251573334,"Hadha/Hadhb/Acaa2",3,"MF"
"GO:0016863","intramolecular oxidoreductase activity, transposing C=C bonds","3/148","24/28275",0.000262369247723563,0.00348454998251277,0.00281179256315526,"Eci2/Eci1/Idi1",3,"MF"
"GO:0008094","ATP-dependent activity, acting on DNA","5/148","108/28275",0.000265407983926034,0.00348454998251277,0.00281179256315526,"Mcm2/Mcm3/Mcm4/Mcm6/Mcm5",5,"MF"
"GO:0016836","hydro-lyase activity","4/148","63/28275",0.000337752014453968,0.0042957834338364,0.00346640225360651,"Hadha/Fasn/Eci1/Hsd17b4",4,"MF"
"GO:0051287","NAD binding","4/148","64/28275",0.000358813431749286,0.00442536565824119,0.00357096621071059,"Hadha/Me1/Hadh/Aldh9a1",4,"MF"
"GO:0003697","single-stranded DNA binding","5/148","123/28275",0.000483207421236537,0.0057842770718609,0.00466751440946748,"Mcm2/Mcm3/Mcm4/Mcm6/Mcm5",5,"MF"
"GO:0003755","peptidyl-prolyl cis-trans isomerase activity","3/148","33/28275",0.000683282923422441,0.00751611215764685,0.00606498640420488,"Fkbp10/Fkbp4/Ppil1",3,"MF"
"GO:0016628","oxidoreductase activity, acting on the CH-CH group of donors, NAD or NADP as acceptor","3/148","33/28275",0.000683282923422441,0.00751611215764685,0.00606498640420488,"Decr1/Fasn/Dhcr24",3,"MF"
"GO:0016831","carboxy-lyase activity","3/148","33/28275",0.000683282923422441,0.00751611215764685,0.00606498640420488,"Mlycd/Me1/Ddc",3,"MF"
"GO:0016409","palmitoyltransferase activity","3/148","37/28275",0.000958299860590727,0.0100007190579596,0.00806989356286928,"Cpt2/Cpt1b/Cpt1a",3,"MF"
"GO:0016859","cis-trans isomerase activity","3/148","37/28275",0.000958299860590727,0.0100007190579596,0.00806989356286928,"Fkbp10/Fkbp4/Ppil1",3,"MF"
"GO:0004386","helicase activity","5/148","151/28275",0.00121755845353444,0.0123886572647129,0.00999679572375647,"Mcm2/Mcm3/Mcm4/Mcm6/Mcm5",5,"MF"
"GO:0004712","protein serine/threonine/tyrosine kinase activity","3/148","42/28275",0.00138906962414043,0.0137347427593868,0.0110829942866383,"Pdk4/Prkaca/Sbk2",3,"MF"
"GO:0016634","oxidoreductase activity, acting on the CH-CH group of donors, oxygen as acceptor","2/148","11/28275",0.00145109075836273,0.0137347427593868,0.0110829942866383,"Crat/Acadl",2,"MF"
"GO:0047676","arachidonate-CoA ligase activity","2/148","11/28275",0.00145109075836273,0.0137347427593868,0.0110829942866383,"Acsl1/Slc27a1",2,"MF"
"GO:0016407","acetyltransferase activity","4/148","98/28275",0.00177832128705725,0.0163607940717511,0.0132020373732998,"Hadhb/Crat/Acaa2/Fasn",4,"MF"
"GO:0050661","NADP binding","3/148","46/28275",0.00180893300547617,0.0163607940717511,0.0132020373732998,"Decr1/Cat/Me1",3,"MF"
"GO:0016717","oxidoreductase activity, acting on paired donors, with oxidation of a pair of donors resulting in the reduction of molecular oxygen to two molecules of water","2/148","14/28275",0.00237628494307354,0.021024955909368,0.0169656957034083,"Scd4/Scd2",2,"MF"
"GO:0016830","carbon-carbon lyase activity","3/148","51/28275",0.00243475636135343,0.021083954022784,0.0170133031297261,"Mlycd/Me1/Ddc",3,"MF"
"GO:0003688","DNA replication origin binding","2/148","15/28275",0.00273247415160303,0.021806215288283,0.017596118375648,"Mcm2/Mcm5",2,"MF"
"GO:0004303","estradiol 17-beta-dehydrogenase activity","2/148","15/28275",0.00273247415160303,0.021806215288283,0.017596118375648,"Hsd17b7/Hsd17b4",2,"MF"
"GO:0004467","long-chain fatty acid-CoA ligase activity","2/148","15/28275",0.00273247415160303,0.021806215288283,0.017596118375648,"Acsl1/Slc27a1",2,"MF"
"GO:0017110","nucleoside diphosphate phosphatase activity","2/148","15/28275",0.00273247415160303,0.021806215288283,0.017596118375648,"Slc25a42/Entpd5",2,"MF"
"GO:0070403","NAD+ binding","2/148","16/28275",0.0031121338198089,0.0243584320127351,0.0196555820198457,"Hadha/Hadh",2,"MF"
"GO:0016620","oxidoreductase activity, acting on the aldehyde or oxo group of donors, NAD or NADP as acceptor","3/148","56/28275",0.00317975475931864,0.0244181167366545,0.0197037434936925,"Aldh9a1/Aldh1a2/Dhrs4",3,"MF"
"GO:0004029","aldehyde dehydrogenase (NAD+) activity","2/148","17/28275",0.00351501185521084,0.0260110877285602,0.0209891617000149,"Aldh9a1/Aldh1a2",2,"MF"
"GO:0031005","filamin binding","2/148","17/28275",0.00351501185521084,0.0260110877285602,0.0209891617000149,"Synpo2/Fblim1",2,"MF"
"GO:0061629","RNA polymerase II-specific DNA-binding transcription factor binding","7/148","377/28275",0.00380715103171423,0.0276052190358794,0.022275516201201,"Hmga1/Nkx2-5/Calr/Fkbp4/Dnmt1/Pcna/Prox1",7,"MF"
"GO:0016860","intramolecular oxidoreductase activity","3/148","60/28275",0.00386608718684306,0.0276052190358794,0.022275516201201,"Eci2/Eci1/Idi1",3,"MF"
"GO:0001758","retinal dehydrogenase activity","2/148","18/28275",0.00394085813022748,0.0276539527414239,0.0223148409551901,"Aldh1a2/Dhrs4",2,"MF"
"GO:0004030","aldehyde dehydrogenase [NAD(P)+] activity","2/148","19/28275",0.00438942446874198,0.0291174204627754,0.0234957589147444,"Aldh9a1/Aldh1a2",2,"MF"
"GO:0016411","acylglycerol O-acyltransferase activity","2/148","19/28275",0.00438942446874198,0.0291174204627754,0.0234957589147444,"Dgat2/Agpat3",2,"MF"
"GO:0071617","lysophospholipid acyltransferase activity","2/148","19/28275",0.00438942446874198,0.0291174204627754,0.0234957589147444,"Agpat3/Lpcat3",2,"MF"
"GO:0030145","manganese ion binding","3/148","63/28275",0.00443557756435399,0.0291174204627754,0.0234957589147444,"Me1/Idi1/Prkaca",3,"MF"
"GO:0016903","oxidoreductase activity, acting on the aldehyde or oxo group of donors","3/148","67/28275",0.00527014897105922,0.0340464041219918,0.0274731102704292,"Aldh9a1/Aldh1a2/Dhrs4",3,"MF"
"GO:0015645","fatty acid ligase activity","2/148","21/28275",0.00535373430910928,0.0340464041219918,0.0274731102704292,"Acsl1/Slc27a1",2,"MF"
"GO:0009055","electron transfer activity","3/148","70/28275",0.00595392251347403,0.0372807148151374,0.0300829769101846,"Etfdh/Etfb/Etfa",3,"MF"
"GO:0008327","methyl-CpG binding","2/148","25/28275",0.00754428850901606,0.0465231124722657,0.0375409571740512,"Uhrf1/Dnmt1",2,"MF"
"GO:0016405","CoA-ligase activity","2/148","26/28275",0.00814510750169187,0.0494784888535611,0.0399257429776569,"Acsl1/Slc27a1",2,"MF"
